province,turn,province_index,comparison_scope,convergence_switch,g1_converged,g2_converged,g1_iterations,g2_iterations,g1_iteration_ceiling_hit,g2_iteration_ceiling_hit,g1_hjb_statistic,g2_hjb_statistic,hjb_statistic_g2_minus_g1,hjb_statistic_g2_over_g1,g1_raw_firm_ra0,g2_raw_firm_ra0,g1_converted_rah_raw,g2_converted_rah_raw,g1_consumed_r_a,g2_consumed_r_a,consumed_r_a_g2_minus_g1,g1_return_status,g2_return_status,g2_return_regime,g2_wage_status,g2_wage_raw,g2_wage_guarded,g2_wage_hit,g1_transfer_abs_max,g1_adjustment_cost_abs_max,g1_mu_a_abs_max,g1_mu_b_abs_max,g2_transfer_abs_max,g2_adjustment_cost_abs_max,g2_mu_a_abs_max,g2_mu_b_abs_max,liquid_policy_transition_cell_count,transfer_policy_transition_cell_count,g2_material_outward_boundary_count
北京,2,0,MATCHED_PROVINCE_TURN_WITH_PATH_HISTORY_DIVERGENCE,BOTH_NONCONVERGED,False,False,100,100,True,True,0.7845351402174001,1.1975377207601963,0.41300258054279615,1.5264296771057957,1.0318977822708786,1.028691214439065,0.8201047990241246,0.8201047990241246,0.2,0.35,0.14999999999999997,UPPER,UPPER,A_STILL_UPPER_SATURATED,UPPER,4.056668290870063,1.3,True,11333.982327964479,14358333.120595215,11332.258617519994,14347113.350379856,282176.2402342155,7962371272.895793,282173.0902342155,7962089303.442936,180,368,52
天津,2,1,MATCHED_PROVINCE_TURN_WITH_PATH_HISTORY_DIVERGENCE,BOTH_NONCONVERGED,False,False,100,100,True,True,6.737332480799552e-07,0.059337943944469784,0.059337270211221704,88073.34967299679,0.32249175621996606,0.32129680081194667,0.3301168592285279,0.3301168592285279,0.2,0.3301168592285279,0.1301168592285279,UPPER,UNSATURATED,B_NEWLY_UNSATURATED,UPPER,1.6263558301967647,1.3,True,40.37077750997365,1036.2435396988672,40.05498803821566,1993.2334511183678,179.9865062451555,4414.4822661703065,177.56964065586646,4256.51286434545,22,111,42
河北,2,2,MATCHED_PROVINCE_TURN_WITH_PATH_HISTORY_DIVERGENCE,BOTH_NONCONVERGED,False,False,100,100,True,True,0.08946001185532004,1.1685567694320753,1.0790967575767554,13.062336402569827,0.27227933064210885,0.2712237335912503,0.2618268115116993,0.2618268115116993,0.2,0.2618268115116993,0.061826811511699276,UPPER,UNSATURATED,B_NEWLY_UNSATURATED,UPPER,2.5441634346925373,1.3,True,7.26745842619526,6.3017629956920445,5.489192914735985,14.537502054668733,18658.45199078701,59947556.41345204,18656.124002842575,59929097.29883377,272,538,42
山西,2,3,MATCHED_PROVINCE_TURN_WITH_PATH_HISTORY_DIVERGENCE,BOTH_NONCONVERGED,False,False,100,100,True,True,1.0940568440972407,0.004123059127876694,-1.089933784969364,0.0037685968056612538,0.3840622431966998,0.38269693847426633,0.3541478483179543,0.3541478483179543,0.2,0.35,0.14999999999999997,UPPER,UPPER,A_STILL_UPPER_SATURATED,UPPER,1.5337566904841446,1.3,True,465037.9303655543,24170312720.82177,465036.2066551098,24169847869.63228,102.28389309870276,1114.5500613160382,99.17192845364903,2025.3765324320452,567,436,8
内蒙古,2,4,MATCHED_PROVINCE_TURN_WITH_PATH_HISTORY_DIVERGENCE,G1_CONVERGED_G2_NONCONVERGED,True,False,74,100,False,True,2.353518713249514e-09,0.05109719857355116,0.05109719622003245,21710980.36565047,0.24090572037412503,0.2399455410105024,0.25938351792132075,0.25938351792132075,0.2,0.25938351792132075,0.05938351792132074,UPPER,UNSATURATED,B_NEWLY_UNSATURATED,UPPER,1.683559960302246,1.3,True,104.8058549240879,1238.1339813807042,103.0821444796037,2131.8292947928485,789.741228580139,148205.63605118403,790.8333242820468,149040.40625249135,452,86,19
辽宁,2,5,MATCHED_PROVINCE_TURN_WITH_PATH_HISTORY_DIVERGENCE,BOTH_NONCONVERGED,False,False,100,100,True,True,0.6861614178365956,0.002090778540951521,-0.684070639295644,0.00304706514619192,0.2923264388207002,0.2912106591225083,0.28288915914936935,0.28288915914936935,0.2,0.28288915914936935,0.08288915914936934,UPPER,UNSATURATED,B_NEWLY_UNSATURATED,UPPER,2.154211828467867,1.3,True,1076322.3498984086,137568396488.02133,1076320.70155478,137567321159.7438,112.14659082942563,1338.7718749639964,109.63133065302044,2224.1889232213716,414,489,12
吉林,2,6,MATCHED_PROVINCE_TURN_WITH_PATH_HISTORY_DIVERGENCE,BOTH_NONCONVERGED,False,False,100,100,True,True,32.850207338038885,0.01103831436228675,-32.8391690236766,0.00033601962534662416,0.1879942955626904,0.18718082142878414,0.20767394001491743,0.20767394001491743,0.2,0.20767394001491743,0.007673940014917419,UPPER,UNSATURATED,B_NEWLY_UNSATURATED,UNSATURATED,1.17682660520381,1.17682660520381,False,2028598.1811357525,459935503034.1615,2028599.904846197,459937532354.37976,106.78339674373089,1150.947721687277,104.91433128359664,2069.4939435397782,343,65,12
黑龙江,2,7,MATCHED_PROVINCE_TURN_WITH_PATH_HISTORY_DIVERGENCE,BOTH_NONCONVERGED,False,False,100,100,True,True,0.08406803057853995,0.6547233891935016,0.5706553586149616,7.788018640234839,0.24909980405370394,0.2481219532805551,0.24079289752609306,0.24079289752609306,0.2,0.24079289752609306,0.04079289752609305,UPPER,UNSATURATED,B_NEWLY_UNSATURATED,UNSATURATED,1.2620146988999947,1.2620146988999947,False,101.2439089381401,1055.0181461121435,99.4439089381401,1982.8026470455766,55142.77160052698,444419206.0923125,55141.12948446141,444364187.9054732,514,416,44
上海,2,8,MATCHED_PROVINCE_TURN_WITH_PATH_HISTORY_DIVERGENCE,BOTH_NONCONVERGED,False,False,100,100,True,True,0.27887678368635405,0.39256307777803257,0.11368629409167852,1.4076577927674996,0.9474215510750882,0.9443911647955158,0.7686338107969248,0.7686338107969248,0.2,0.35,0.14999999999999997,UPPER,UPPER,A_STILL_UPPER_SATURATED,UPPER,4.2232544160747985,1.3,True,50760.20889781851,271979394.5745193,50758.430632307056,271928959.4480567,5581.876766483957,7400428.39377733,5580.403143569398,7394960.357432458,278,459,20
江苏,2,9,MATCHED_PROVINCE_TURN_WITH_PATH_HISTORY_DIVERGENCE,BOTH_NONCONVERGED,False,False,100,100,True,True,1.9950062918849487,5.307823215191222,3.3128169233062734,2.660554624204324,0.4957982787468196,0.4940935484287847,0.4559391086970459,0.4559391086970459,0.2,0.35,0.14999999999999997,UPPER,UPPER,A_STILL_UPPER_SATURATED,UPPER,7.476929995882227,1.3,True,349168.19277065626,13626212034.53573,349169.9164811007,13626562200.068283,125336.90356947292,1865496587.0108805,125339.7881708232,1865622501.8300092,492,479,24
浙江,2,10,MATCHED_PROVINCE_TURN_WITH_PATH_HISTORY_DIVERGENCE,BOTH_NONCONVERGED,False,False,100,100,True,True,0.46676402522920624,6.7458188865614215,6.279054861332215,14.452311064994483,0.5650514730193218,0.5631295456080021,0.5103872209647321,0.5103872209647321,0.2,0.35,0.14999999999999997,UPPER,UPPER,A_STILL_UPPER_SATURATED,UPPER,5.056830252690966,1.3,True,842.4883367991483,71062.90859793943,840.6883367991484,70269.17228079906,4011797.960331508,5096599311444.478,4011796.8550718017,5096595300644.997,558,702,6
安徽,2,11,MATCHED_PROVINCE_TURN_WITH_PATH_HISTORY_DIVERGENCE,BOTH_NONCONVERGED,False,False,100,100,True,True,5.450000039107732,0.0008401221113487622,-5.449159916996384,0.000154150845012894,0.6041455599835855,0.6021341144861768,0.5489080240565922,0.5489080240565922,0.2,0.35,0.14999999999999997,UPPER,UPPER,A_STILL_UPPER_SATURATED,UPPER,2.9652548221795096,1.3,True,1034347.2871469227,135517516088.9672,1034345.7270103244,135516482739.05855,204.7649963055654,19936.61076283921,204.02815426016159,20730.256479268737,371,537,6
福建,2,12,MATCHED_PROVINCE_TURN_WITH_PATH_HISTORY_DIVERGENCE,BOTH_NONCONVERGED,False,False,100,100,True,True,0.005001992208620687,13.913839660989568,13.908837668780947,2781.659602949751,0.6062461202066513,0.6041981996948074,0.5374007585319589,0.5374007585319589,0.2,0.35,0.14999999999999997,UPPER,UPPER,A_STILL_UPPER_SATURATED,UPPER,3.7809343189652354,1.3,True,119.40866622214484,1516.9973211226609,117.63040071068556,2395.040891031835,332746.5771748464,13148067073.469866,332743.6925734961,13147734387.609938,451,443,31
江西,2,13,MATCHED_PROVINCE_TURN_WITH_PATH_HISTORY_DIVERGENCE,BOTH_NONCONVERGED,False,False,100,100,True,True,0.43510936314953375,1.892730308895823,1.4576209457462892,4.350010524239971,0.5993041903583384,0.5973035315629246,0.5413318073667525,0.5413318073667525,0.2,0.35,0.14999999999999997,UPPER,UPPER,A_STILL_UPPER_SATURATED,UPPER,2.1259268092064056,1.3,True,13007.255480096981,18910625.47475828,13008.979190541466,18923932.19438492,57547.14798244514,419484491.8971673,57544.41774339815,419427389.59499043,368,541,32
山东,2,14,MATCHED_PROVINCE_TURN_WITH_PATH_HISTORY_DIVERGENCE,BOTH_NONCONVERGED,False,False,100,100,True,True,0.05841642710343087,50.93586949139517,50.877453064291736,871.9442803512993,0.28076029361264243,0.27967950224668015,0.2783443332018329,0.2783443332018329,0.2,0.2783443332018329,0.07834433320183287,UPPER,UNSATURATED,B_NEWLY_UNSATURATED,UPPER,4.883171481008134,1.3,True,102.21238163026293,1241.5934331638116,100.43411611880364,2147.1646143299536,39969.232350466,337262343.13462645,39967.91403560529,337222747.659164,334,229,19
河南,2,15,MATCHED_PROVINCE_TURN_WITH_PATH_HISTORY_DIVERGENCE,G1_CONVERGED_G2_NONCONVERGED,True,False,97,100,False,True,5.532547753261952e-10,0.6239367899469316,0.6239367893936768,1127756718.5553217,0.2574544073894338,0.25644235344382205,0.25304592118083025,0.25304592118083025,0.2,0.25304592118083025,0.053045921180830236,UPPER,UNSATURATED,B_NEWLY_UNSATURATED,UPPER,3.633865183911217,1.3,True,3.445595671503416,1.5317725202986492,1.6455956715034157,10.740804535730915,59377.83431812067,418686043.77026683,59375.7487849609,418627086.6169039,155,415,41
湖北,2,16,MATCHED_PROVINCE_TURN_WITH_PATH_HISTORY_DIVERGENCE,BOTH_NONCONVERGED,False,False,100,100,True,True,0.002578741504366988,0.19716495406406254,0.19458621255969555,76.45782011503368,0.49208870622926415,0.4904097403401606,0.45052857784049805,0.45052857784049805,0.2,0.35,0.14999999999999997,UPPER,UPPER,A_STILL_UPPER_SATURATED,UPPER,3.6360608706867636,1.3,True,102.01390318688033,1143.4727101134158,100.21390318688033,2055.629599754445,42699421.26005487,192453176175102.66,42699418.14809023,192453133476680.03,578,661,50
湖南,2,17,MATCHED_PROVINCE_TURN_WITH_PATH_HISTORY_DIVERGENCE,BOTH_NONCONVERGED,False,False,100,100,True,True,0.13423612455232503,1.1733612154404869,1.0391250908881617,8.741024216496301,0.43441322207277466,0.43288698529698477,0.40256238500533503,0.40256238500533503,0.2,0.35,0.14999999999999997,UPPER,UPPER,A_STILL_UPPER_SATURATED,UPPER,3.016746336245939,1.3,True,19777.350092726054,41289355.2745358,19779.128358237514,41309459.682082765,328888.8027548641,13701293202.033812,328886.0725158171,13700964606.983997,239,484,24
广东,2,18,MATCHED_PROVINCE_TURN_WITH_PATH_HISTORY_DIVERGENCE,BOTH_NONCONVERGED,False,False,100,100,True,True,0.05344319968607503,0.7699379692611381,0.7164947695750631,14.406659290307246,0.5167529360832112,0.5149322977867063,0.4799881090546145,0.4799881090546145,0.2,0.35,0.14999999999999997,UPPER,UPPER,A_STILL_UPPER_SATURATED,UPPER,7.339786370472547,1.3,True,1547.0117337751437,239479.23161717516,1545.2117337751438,238930.90940747957,48166.26977067058,1306758757.5035677,48169.381735315634,1306721827.4371943,666,692,23
广西,2,19,MATCHED_PROVINCE_TURN_WITH_PATH_HISTORY_DIVERGENCE,BOTH_NONCONVERGED,False,False,100,100,True,True,2.2827390078653833,1.6940600278575726,-0.5886789800078107,0.7421172644005889,0.3262098915002899,0.3249695897180601,0.3059096356629964,0.3059096356629964,0.2,0.3059096356629964,0.10590963566299638,UPPER,UNSATURATED,B_NEWLY_UNSATURATED,UPPER,1.7277435211252283,1.3,True,73609.28517019992,605585069.1760961,73611.0088806444,605658859.9443773,70398.17445803613,784691676.2629266,70396.24548654705,784621392.2495065,375,241,27
海南,2,20,MATCHED_PROVINCE_TURN_WITH_PATH_HISTORY_DIVERGENCE,BOTH_NONCONVERGED,False,False,100,100,True,True,0.27482745100403194,0.9121880299917826,0.6373605789877507,3.3191299728584975,0.6745275380087972,0.672274537461681,0.5984489815056437,0.5984489815056437,0.2,0.35,0.14999999999999997,UPPER,UPPER,A_STILL_UPPER_SATURATED,LOWER,0.7417463756495267,0.8,True,138078.70545466527,2130889390.8157687,138076.98174422077,2130752310.7688794,110208.59987233885,1282081988.8077898,110205.4879076938,1281972134.8120737,203,347,38
重庆,2,21,MATCHED_PROVINCE_TURN_WITH_PATH_HISTORY_DIVERGENCE,G1_NONCONVERGED_G2_CONVERGED,False,True,100,77,True,False,0.2782550984772536,2.24222418410136e-09,-0.2782550962350294,8.05816028662869e-09,0.6374391300351925,0.635340215616056,0.5635985431144864,0.5635985431144864,0.2,0.35,0.14999999999999997,UPPER,UPPER,A_STILL_UPPER_SATURATED,UPPER,2.241275506186378,1.3,True,1272.6796839184312,171097.03452014545,1274.4579494298905,172410.92002423274,101.02585285306415,1052.0724846117923,97.87585285306415,1976.9775135703796,301,711,9
四川,2,22,MATCHED_PROVINCE_TURN_WITH_PATH_HISTORY_DIVERGENCE,BOTH_NONCONVERGED,False,False,100,100,True,True,8.635334071950789,0.33653671046667416,-8.298797361484114,0.03897205454503602,0.4922896988431802,0.4906050395553857,0.4551703013356036,0.4551703013356036,0.2,0.35,0.14999999999999997,UPPER,UPPER,A_STILL_UPPER_SATURATED,UPPER,3.424463876160496,1.3,True,28598.561333489924,91412721.60061754,28596.83762304544,91385121.60108486,1603.4548929587731,271550.8137188247,1606.566857603827,273264.8549601191,476,58,18
贵州,2,23,MATCHED_PROVINCE_TURN_WITH_PATH_HISTORY_DIVERGENCE,G1_NONCONVERGED_G2_CONVERGED,False,True,100,82,True,False,0.05428623763903362,1.3264433995630043e-10,-0.05428623750638928,2.4434248112439592e-09,0.531784913703513,0.5299795591590443,0.4820443031272923,0.4820443031272923,0.2,0.35,0.14999999999999997,UPPER,UPPER,A_STILL_UPPER_SATURATED,UPPER,1.4836560848919336,1.3,True,3917.2726558888216,1944094.9016049956,3918.832792487097,1948189.6536170598,4.502414631123904,2.4774152141682504,1.3524146311239043,11.008135756121838,74,163,44
云南,2,24,MATCHED_PROVINCE_TURN_WITH_PATH_HISTORY_DIVERGENCE,BOTH_NONCONVERGED,False,False,100,100,True,True,0.055883480967729326,1.5981457050536987,1.5422622240859694,28.597819559174734,0.35183170068145087,0.3505423164686985,0.32878188271884484,0.32878188271884484,0.2,0.32878188271884484,0.12878188271884483,UPPER,UNSATURATED,B_NEWLY_UNSATURATED,UPPER,1.8808687241502822,1.3,True,111.09890798686479,1494.2448996812484,109.29890798686479,2131.917222490409,44027.50299652975,230191898.88829523,44024.79326892164,230148136.728452,341,449,39
西藏,2,25,MATCHED_PROVINCE_TURN_WITH_PATH_HISTORY_DIVERGENCE,BOTH_NONCONVERGED,False,False,100,100,True,True,0.16637498863808964,1.193549341742584,1.0271743531044943,7.173850778369547,0.6315141686970106,0.6294860331191731,0.5518193076948069,0.5518193076948069,0.2,0.35,0.14999999999999997,UPPER,UPPER,A_STILL_UPPER_SATURATED,LOWER,0.3059721016885241,0.8,True,106.9206974045739,1288.390158776508,105.1969869600897,2179.4697092766723,195860.19579969952,4859106983.854486,195862.9260387465,4859303315.974261,484,435,12
陕西,2,26,MATCHED_PROVINCE_TURN_WITH_PATH_HISTORY_DIVERGENCE,BOTH_NONCONVERGED,False,False,100,100,True,True,0.1438015474747254,0.3620616920178472,0.21826014454312181,2.517787175283933,0.41108116161270236,0.4096403916799092,0.37949824623988127,0.37949824623988127,0.2,0.35,0.14999999999999997,UPPER,UPPER,A_STILL_UPPER_SATURATED,UPPER,2.2586088093641346,1.3,True,6678970.505444072,6519726000506.628,6678969.141520067,6519719322533.494,14394.950161627996,21874090.678123515,14391.838196982942,21859865.831439726,325,481,42
甘肃,2,27,MATCHED_PROVINCE_TURN_WITH_PATH_HISTORY_DIVERGENCE,BOTH_NONCONVERGED,False,False,100,100,True,True,108.26330401241474,0.0014593469681336568,-108.2618446654466,1.347960863975028e-05,0.4665533657636539,0.46496907957443956,0.4327975242704717,0.4327975242704717,0.2,0.35,0.14999999999999997,UPPER,UPPER,A_STILL_UPPER_SATURATED,UNSATURATED,0.9141445619082272,0.9141445619082272,False,28638.99415312997,91671379.99328142,28640.717863574453,91700561.29319657,129.38180568315715,1686.9033447517395,126.23180568315715,2555.0523962720313,477,323,22
青海,2,28,MATCHED_PROVINCE_TURN_WITH_PATH_HISTORY_DIVERGENCE,BOTH_NONCONVERGED,False,False,100,100,True,True,1.3419493344130065,0.4909604154435421,-0.8509889189694644,0.36585614885251777,0.28837749964341786,0.28730011369143893,0.29449073815753724,0.29449073815753724,0.2,0.29449073815753724,0.09449073815753722,UPPER,UNSATURATED,B_NEWLY_UNSATURATED,LOWER,0.44542919360500816,0.8,True,14317.09099385444,22910859.920863207,14318.814704298924,22926174.71750128,51975.01914854774,466611103.8141529,51973.31544800954,466559564.88059837,229,394,40
宁夏,2,29,MATCHED_PROVINCE_TURN_WITH_PATH_HISTORY_DIVERGENCE,BOTH_NONCONVERGED,False,False,100,100,True,True,0.825060515540055,1.3227599788891193,0.49769946334906434,1.6032278287166466,0.3523048471393948,0.3510490003141017,0.3380434765646002,0.3380434765646002,0.2,0.3380434765646002,0.1380434765646002,UPPER,UNSATURATED,B_NEWLY_UNSATURATED,LOWER,0.5399462712299904,0.8,True,334564.81866358547,17722856288.653187,334563.5575254818,17722522721.284462,95588.472118329,1021221112.002592,95585.55867297278,1021126522.063848,207,273,48
新疆,2,30,MATCHED_PROVINCE_TURN_WITH_PATH_HISTORY_DIVERGENCE,BOTH_NONCONVERGED,False,False,100,100,True,True,3.6735134868707973,1.4534925678337691,-2.220020919037028,0.395668226897377,0.3493162139165106,0.34806385058208256,0.32597778713285963,0.32597778713285963,0.2,0.32597778713285963,0.12597778713285962,UPPER,UNSATURATED,B_NEWLY_UNSATURATED,UPPER,1.3988366295752006,1.3,True,83107.404282492,937365255.6325556,83108.86853099779,937448672.3503884,11096.198295469261,21268261.580148857,11094.312434695325,21257243.31468728,331,419,41
北京,3,0,MATCHED_PROVINCE_TURN_WITH_PATH_HISTORY_DIVERGENCE,G1_CONVERGED_G2_NONCONVERGED,True,False,13,100,False,True,2.6516020101841065e-08,6.722404636693597,6.722404610177576,253522384.23694834,1.0631845070211672,1.0601410227877675,0.9479010036472706,0.9449314288177583,0.2,0.35,0.14999999999999997,UPPER,UPPER,A_STILL_UPPER_SATURATED,UPPER,4.1131727441159205,1.3,True,4.698660196511849,2.677606783879661,2.8986601965118486,11.91414280474443,37464.16891381255,190487425.67154065,37461.60647892744,190450066.8341006,159,364,39
天津,3,1,MATCHED_PROVINCE_TURN_WITH_PATH_HISTORY_DIVERGENCE,BOTH_NONCONVERGED,False,False,100,100,True,True,1.0888276537561878,3.8582818274996087,2.769454173743421,3.5435193202427255,0.3262474204555825,0.3252719291627503,0.3645918798588374,0.36327478327421975,0.2,0.35,0.14999999999999997,UPPER,UPPER,A_STILL_UPPER_SATURATED,UPPER,1.6190224085647626,1.3,True,9646878.787860999,11787888542060.996,9646877.227724401,11787878896179.707,427100.89914437575,19254978170.91631,427097.7871797307,19254551690.533447,279,249,37
河北,3,2,MATCHED_PROVINCE_TURN_WITH_PATH_HISTORY_DIVERGENCE,BOTH_NONCONVERGED,False,False,100,100,True,True,1.0540169559352253,9.237883163992665,8.18386620805744,8.764454036506391,0.2745749145600136,0.2737209430068196,0.28064591360690155,0.27956632844414375,0.2,0.27956632844414375,0.07956632844414374,UPPER,UNSATURATED,B_NEWLY_UNSATURATED,UPPER,2.5277249614603488,1.3,True,451602.3527564106,43055034218.984,451601.4055017311,43054583363.48953,1038953.4403654429,120641637858.26526,1038951.0309084415,120640599356.63475,476,276,12
山西,3,3,MATCHED_PROVINCE_TURN_WITH_PATH_HISTORY_DIVERGENCE,BOTH_NONCONVERGED,False,False,100,100,True,True,1.2935650799406189,2.146506225525906,0.8529411455852871,1.6593724264916314,0.38846647628336983,0.38731144973774667,0.387214632132298,0.38583982871242245,0.2,0.35,0.14999999999999997,UPPER,UPPER,A_STILL_UPPER_SATURATED,UPPER,1.5277049919780028,1.3,True,3481.453993778045,3290204.0926146475,3480.7171608873373,3287721.1551012993,41578.50179123149,218981920.60261488,41575.7715521845,218941251.3935525,469,388,34
内蒙古,3,4,MATCHED_PROVINCE_TURN_WITH_PATH_HISTORY_DIVERGENCE,BOTH_NONCONVERGED,False,False,100,100,True,True,0.3954032988673734,0.017050173618794517,-0.3783531252485789,0.043120969571155514,0.24323120878743495,0.24244233431310222,0.2834932487184353,0.2824102178118851,0.2,0.2824102178118851,0.08241021781188507,UPPER,UNSATURATED,B_NEWLY_UNSATURATED,UPPER,1.6729520394825368,1.3,True,35962.166923339966,189021069.65223983,35960.80299933519,188986106.12335235,108.13969910280912,1395.3344974858699,105.62869735071624,2321.5199613053614,292,407,8
辽宁,3,5,MATCHED_PROVINCE_TURN_WITH_PATH_HISTORY_DIVERGENCE,BOTH_NONCONVERGED,False,False,100,100,True,True,1.0678535338693202,0.5001769431993615,-0.5676765906699588,0.46839470707840647,0.29509126488639303,0.29420245406613943,0.3068474469978131,0.30569026264984706,0.2,0.30569026264984706,0.10569026264984704,UPPER,UNSATURATED,B_NEWLY_UNSATURATED,UPPER,2.1416493597031705,1.3,True,59343.151930825145,557594133.8203175,59341.890792721475,557534950.5290757,70209.07949662441,780481871.1704764,70211.00708481517,780552773.7169241,400,490,18
吉林,3,6,MATCHED_PROVINCE_TURN_WITH_PATH_HISTORY_DIVERGENCE,BOTH_NONCONVERGED,False,False,100,100,True,True,0.0972219563017572,25.710620336826224,25.613398380524465,264.4528182196384,0.18928955049443105,0.18877732033566533,0.2244329424348481,0.223514931268514,0.2,0.223514931268514,0.023514931268513978,UPPER,UNSATURATED,B_NEWLY_UNSATURATED,UNSATURATED,1.1702463122825597,1.1702463122825597,False,107.3441122231601,1621.9293653746206,105.5441122231601,2533.387445820664,5678.577537297252,3604559.705370445,5676.651162189623,3599879.9998836843,433,81,13
黑龙江,3,7,MATCHED_PROVINCE_TURN_WITH_PATH_HISTORY_DIVERGENCE,BOTH_NONCONVERGED,False,False,100,100,True,True,0.00028262233904668976,0.06197069913193998,0.06168807679289329,219.27034975710924,0.2509927221807541,0.2503636568008044,0.2612122710132753,0.2601989831895675,0.2,0.2601989831895675,0.06019898318956751,UPPER,UNSATURATED,B_NEWLY_UNSATURATED,UNSATURATED,1.2562736647875676,1.2562736647875676,False,138.34738411863287,1927.8346076587184,136.54738411863286,2787.3701821854934,2999.3752342147436,1554197.9749488237,3000.8805486109527,1558195.3193957026,278,368,36
上海,3,8,MATCHED_PROVINCE_TURN_WITH_PATH_HISTORY_DIVERGENCE,BOTH_NONCONVERGED,False,False,100,100,True,True,41.719558173353654,0.0003269919660132681,-41.71923118138764,7.837857837672844e-06,0.9730167724361435,0.9702878985665774,0.8804331897385381,0.8775997818208252,0.2,0.35,0.14999999999999997,UPPER,UPPER,A_STILL_UPPER_SATURATED,UPPER,4.26901777409187,1.3,True,2120711.126372601,610363768848.901,2120712.590621107,610365890339.3025,105.83514315151342,1213.3732695000008,102.68514315151342,2107.146154597167,352,488,46
江苏,3,9,MATCHED_PROVINCE_TURN_WITH_PATH_HISTORY_DIVERGENCE,BOTH_NONCONVERGED,False,False,100,100,True,True,0.03408635637004487,0.7188312219324666,0.6847448655624218,21.088532142560606,0.5015390774710053,0.5001262922743043,0.4939790198207754,0.49227997909180277,0.2,0.35,0.14999999999999997,UPPER,UPPER,A_STILL_UPPER_SATURATED,UPPER,7.453738676517081,1.3,True,11957.3452901143,16979845.867987473,11958.99363374303,16991936.35482485,30189.557940030314,108232886.22875963,30192.442541380595,108263598.57585481,461,521,50
浙江,3,10,MATCHED_PROVINCE_TURN_WITH_PATH_HISTORY_DIVERGENCE,BOTH_NONCONVERGED,False,False,100,100,True,True,0.828692672780573,0.22482390301696573,-0.6038687697636073,0.27129949425351824,0.5728004207280714,0.5711878494688637,0.5583810197580918,0.5564800408557005,0.2,0.35,0.14999999999999997,UPPER,UPPER,A_STILL_UPPER_SATURATED,UPPER,5.050411996176101,1.3,True,11563.457452620662,16059078.918660184,11561.679187109203,16047935.022159275,19926.330379159248,44379135.016618446,19923.3138858814,44360207.10843546,432,553,16
安徽,3,11,MATCHED_PROVINCE_TURN_WITH_PATH_HISTORY_DIVERGENCE,BOTH_NONCONVERGED,False,False,100,100,True,True,7.007350049907133,65.3390940703203,58.33174402041317,9.324365645353513,0.6130363025111741,0.611319355632496,0.6024660648136464,0.6004594420210845,0.2,0.35,0.14999999999999997,UPPER,UPPER,A_STILL_UPPER_SATURATED,UPPER,2.964236445896195,1.3,True,528469.0792385053,40817835820.082375,528470.44316251,40818364606.25935,11032.546666248347,16519850.632638073,11029.984231363234,16508898.323233083,249,257,48
福建,3,12,MATCHED_PROVINCE_TURN_WITH_PATH_HISTORY_DIVERGENCE,BOTH_NONCONVERGED,False,False,100,100,True,True,0.1911427734898304,0.016087102496174427,-0.17505567099365596,0.08416275542339731,0.6158573497273563,0.614109212665352,0.5946854583528233,0.5926734387123974,0.2,0.35,0.14999999999999997,UPPER,UPPER,A_STILL_UPPER_SATURATED,UPPER,3.782317055186416,1.3,True,3478.891274893642,1277853.4755057732,3480.669540405101,1281445.94978676,197.36588838727997,6187.3414561646005,199.57288006870616,6425.969340967609,201,190,42
江西,3,13,MATCHED_PROVINCE_TURN_WITH_PATH_HISTORY_DIVERGENCE,G1_NONCONVERGED_G2_CONVERGED,False,True,100,77,True,False,0.0038509375620673914,3.1110856668625786e-08,-0.0038509064512107227,8.078774627528315e-06,0.6086027900776926,0.6068714553322552,0.5980008786778093,0.5960039822054791,0.2,0.35,0.14999999999999997,UPPER,UPPER,A_STILL_UPPER_SATURATED,UPPER,2.126189138608123,1.3,True,4.341711021063698,2.319216561148968,2.541711021063698,15.21979041219291,4.713892432732075,2.6934674300100796,1.5638924327320747,11.56266770318174,0,0,40
山东,3,14,MATCHED_PROVINCE_TURN_WITH_PATH_HISTORY_DIVERGENCE,BOTH_NONCONVERGED,False,False,100,100,True,True,0.31741611080618193,0.27192436657817176,-0.04549174422801017,0.8566810483800932,0.2830205195537505,0.2821477176021281,0.2974413544314797,0.2963127224158666,0.2,0.2963127224158666,0.09631272241586658,UPPER,UNSATURATED,B_NEWLY_UNSATURATED,UPPER,4.850901466475949,1.3,True,103.24826876623123,1076.3453271990152,101.44826876623124,1971.7265428984538,18210.86897571246,39383566.26290236,18208.426849771928,39365706.63069084,167,468,55
河南,3,15,MATCHED_PROVINCE_TURN_WITH_PATH_HISTORY_DIVERGENCE,BOTH_NONCONVERGED,False,False,100,100,True,True,1.100023654224263,0.011733799836166514,-1.0882898543880963,0.010666861381668374,0.2594825070674921,0.25865072336380257,0.26986326836558683,0.2688155077477067,0.2,0.2688155077477067,0.06881550774770667,UPPER,UNSATURATED,B_NEWLY_UNSATURATED,UPPER,3.6091852522945316,1.3,True,1110756.3467185155,130232408707.48912,1110754.5684530041,130231298949.55806,109.38519642792805,1669.5902062489959,106.99506969606225,2569.9925108220436,367,458,11
湖北,3,16,MATCHED_PROVINCE_TURN_WITH_PATH_HISTORY_DIVERGENCE,BOTH_NONCONVERGED,False,False,100,100,True,True,0.11357026533724507,0.3745166919624111,0.26094642662516604,3.297665025702721,0.4982311286573722,0.49678882134071123,0.4911136327908245,0.48943681515039145,0.2,0.35,0.14999999999999997,UPPER,UPPER,A_STILL_UPPER_SATURATED,UPPER,3.6267783647373193,1.3,True,2266.4462143192986,697360.8618045985,2264.9819658135198,695217.2144777789,62323.133149262845,492001469.548476,62320.40291021586,491940144.85563225,221,314,46
湖南,3,17,MATCHED_PROVINCE_TURN_WITH_PATH_HISTORY_DIVERGENCE,BOTH_NONCONVERGED,False,False,100,100,True,True,0.8605470180841568,6.466172767425871,5.605625749341714,7.514026115413852,0.4392498848299865,0.43795047501434214,0.4360155258709278,0.4344847354198555,0.2,0.35,0.14999999999999997,UPPER,UPPER,A_STILL_UPPER_SATURATED,UPPER,3.0052300296145247,1.3,True,236777.4724912736,5606380825.682833,236775.6724912736,5606145045.624399,76238.69231698013,649621893.9742913,76235.67582370229,649545906.1661187,231,332,41
广东,3,18,MATCHED_PROVINCE_TURN_WITH_PATH_HISTORY_DIVERGENCE,BOTH_NONCONVERGED,False,False,100,100,True,True,2.3140694032319873,0.11375472448743024,-2.200314678744557,0.04915787068812743,0.5224651501684926,0.5209045097428336,0.5152880260537943,0.5134742769367842,0.2,0.35,0.14999999999999997,UPPER,UPPER,A_STILL_UPPER_SATURATED,UPPER,7.312698799943762,1.3,True,20062.459568054834,42488358.43749495,20060.681302543373,42469294.6379623,106.08593946711312,1209.147645905404,102.93593946711312,2116.1468341297114,518,643,27
广西,3,19,MATCHED_PROVINCE_TURN_WITH_PATH_HISTORY_DIVERGENCE,G1_CONVERGED_G2_NONCONVERGED,True,False,69,100,False,True,3.836708728499616e-11,1.3029165437575285,1.3029165437191614,33959224844.963596,0.32945695757435545,0.3284052100032021,0.33102903053008664,0.32977565582993934,0.2,0.32977565582993934,0.12977565582993933,UPPER,UNSATURATED,B_NEWLY_UNSATURATED,UPPER,1.7182565059940258,1.3,True,3.589611557386376,1.6474922690308218,1.7896115573863756,10.46004831330689,16589.974899124234,43579309.63013884,16587.89543589808,43563331.140428334,451,614,14
海南,3,20,MATCHED_PROVINCE_TURN_WITH_PATH_HISTORY_DIVERGENCE,BOTH_NONCONVERGED,False,False,100,100,True,True,1.9000357022814955,2.655015401975547e-07,-1.9000354367799552,1.397350270201501e-07,0.6863102588521145,0.6842596139971691,0.6663620725400062,0.6641340440187264,0.2,0.35,0.14999999999999997,UPPER,UPPER,A_STILL_UPPER_SATURATED,LOWER,0.7439233448908019,0.8,True,99648.66075816014,1055991128.908433,99646.88249264869,1056088471.1036428,106.10782346906777,1334.6767320757394,103.09133019122044,2234.5522735414547,377,476,29
重庆,3,21,MATCHED_PROVINCE_TURN_WITH_PATH_HISTORY_DIVERGENCE,BOTH_NONCONVERGED,False,False,100,100,True,True,3.415856081346889,68.33498084357328,64.91912476222639,20.005228328187776,0.64864541264031,0.6467262679745952,0.6287958882704224,0.626721481207451,0.2,0.35,0.14999999999999997,UPPER,UPPER,A_STILL_UPPER_SATURATED,UPPER,2.244987258824506,1.3,True,107.50695067561591,1166.5251394244929,105.70695067561591,2059.7767921352715,1574440.6384208167,784973543349.1978,1574439.5331611107,784971969907.2556,551,449,46
四川,3,22,MATCHED_PROVINCE_TURN_WITH_PATH_HISTORY_DIVERGENCE,BOTH_NONCONVERGED,False,False,100,100,True,True,2.014360799651701,7.270190145386208,5.255829345734508,3.609179719265428,0.49808285032691757,0.49657902725547554,0.491985457627015,0.4903016476989773,0.2,0.35,0.14999999999999997,UPPER,UPPER,A_STILL_UPPER_SATURATED,UPPER,3.413302838160772,1.3,True,136975.7430293258,2096982693.9877262,136974.0193188813,2096845807.0757096,20610.504867624546,42481352.14032427,20607.354867624545,42461740.100602716,469,163,17
贵州,3,23,MATCHED_PROVINCE_TURN_WITH_PATH_HISTORY_DIVERGENCE,BOTH_NONCONVERGED,False,False,100,100,True,True,4.476258599104636,4.846013494198478,0.3697548950938421,1.0826035598496928,0.5395023816317747,0.5378839526275805,0.5316321953519937,0.5298272845634819,0.2,0.35,0.14999999999999997,UPPER,UPPER,A_STILL_UPPER_SATURATED,UPPER,1.4819666165430536,1.3,True,4992.948461152081,2786741.367661984,4994.672171596565,2792732.8650730504,38582.6972185512,314269035.69760597,38584.35491424036,314307783.09585047,272,434,25
云南,3,24,MATCHED_PROVINCE_TURN_WITH_PATH_HISTORY_DIVERGENCE,BOTH_NONCONVERGED,False,False,100,100,True,True,9.288289519276013,1.8770241328645436,-7.411265386411469,0.20208501564999135,0.3555351530863413,0.35440802603061494,0.3566369117344772,0.3553338731528239,0.2,0.35,0.14999999999999997,UPPER,UPPER,A_STILL_UPPER_SATURATED,UPPER,1.87146226523713,1.3,True,43570.479879404644,212176990.1156967,43572.20358984913,212220760.23803788,272810.82002362364,9427288127.197187,272813.5502626706,9427561901.628962,294,503,29
西藏,3,25,MATCHED_PROVINCE_TURN_WITH_PATH_HISTORY_DIVERGENCE,BOTH_NONCONVERGED,False,False,100,100,True,True,3.7381349082612556,0.018114804883992974,-3.7200201033772626,0.004845947331638397,0.643055201532947,0.641077524020744,0.6197186505327666,0.6177206508908484,0.2,0.35,0.14999999999999997,UPPER,UPPER,A_STILL_UPPER_SATURATED,LOWER,0.30689904023410247,0.8,True,62221.204118865964,817318295.4318571,62220.25686418644,817257072.2464879,642.9357889401116,392762.40084393555,643.3042099926847,393451.82989382965,456,83,20
陕西,3,26,MATCHED_PROVINCE_TURN_WITH_PATH_HISTORY_DIVERGENCE,BOTH_NONCONVERGED,False,False,100,100,True,True,7.891056022502063e-06,34.554237714497106,34.554229823441084,4378911.7218231065,0.41595133351867397,0.41470296607159596,0.41483338011610615,0.4133808951529469,0.2,0.35,0.14999999999999997,UPPER,UPPER,A_STILL_UPPER_SATURATED,UPPER,2.250495471767533,1.3,True,3.9490096117974933,6.225789904843795,2.7184089704798997,48.06158899496655,715851.7789966261,64909615720.911606,715854.5092356731,64910331669.71517,381,638,19
甘肃,3,27,MATCHED_PROVINCE_TURN_WITH_PATH_HISTORY_DIVERGENCE,BOTH_NONCONVERGED,False,False,100,100,True,True,2.73213127225711,170.45507307121323,167.72294179895613,62.38904945822544,0.47343866356666275,0.4722464990676739,0.4665533657636539,0.46496907957443956,0.2,0.35,0.14999999999999997,UPPER,UPPER,A_STILL_UPPER_SATURATED,UNSATURATED,0.9023921231530114,0.9023921231530114,False,14428.17127167927,26369912.141482566,14426.611135080995,26355515.928130195,2800319.8292533094,1489940597792.747,2800321.6707877093,1489943398442.9868,326,408,28
青海,3,28,MATCHED_PROVINCE_TURN_WITH_PATH_HISTORY_DIVERGENCE,BOTH_NONCONVERGED,False,False,100,100,True,True,0.18863519346522262,4.480199925823788,4.291564732358566,23.75060477062978,0.29104142872961714,0.290082659702643,0.31689462397513823,0.3157319940686731,0.2,0.3157319940686731,0.11573199406867307,UPPER,UNSATURATED,B_NEWLY_UNSATURATED,LOWER,0.4430504604541292,0.8,True,5092.662977352733,2899151.07698647,5090.939266908249,2894130.262679603,183525.2763254902,4571082737.931942,183522.96477498751,4570900210.459148,536,582,34
宁夏,3,29,MATCHED_PROVINCE_TURN_WITH_PATH_HISTORY_DIVERGENCE,G1_CONVERGED_G2_NONCONVERGED,True,False,61,100,False,True,4.66238092577953e-09,6.795334216584342,6.795334211921961,1457481558.1908274,0.35587688886040203,0.3547749003006019,0.36635949604793844,0.3650595718121234,0.2,0.35,0.14999999999999997,UPPER,UPPER,A_STILL_UPPER_SATURATED,LOWER,0.5377150144101999,0.8,True,3.731354562156885,1.7654361430685885,1.9313545621568848,10.880842057019937,513227.72296980413,29765099967.204872,513224.7064765263,29765585719.583836,456,642,16
新疆,3,30,MATCHED_PROVINCE_TURN_WITH_PATH_HISTORY_DIVERGENCE,BOTH_NONCONVERGED,False,False,100,100,True,True,4.988009339395344,3.063971830337357,-1.9240375090579867,0.6142674605955685,0.3533271371990042,0.352200182212028,0.357241541496333,0.35596494065932394,0.2,0.35,0.14999999999999997,UPPER,UPPER,A_STILL_UPPER_SATURATED,UPPER,1.3926558218339997,1.3,True,1597.946405293,404453.30772042595,1599.207543396672,406131.3081507587,93113.75143890997,2059174854.2940822,93112.2778159954,2059081860.5450666,168,481,32
北京,4,0,MATCHED_PROVINCE_TURN_WITH_PATH_HISTORY_DIVERGENCE,G1_CONVERGED_G2_NONCONVERGED,True,False,23,100,False,True,1.5109324902340404e-10,0.18329626217713013,0.18329626202603688,1213133368.7101924,1.0730146143040364,1.062023072163395,0.9756697942236865,0.9728722316583378,0.2,0.35,0.14999999999999997,UPPER,UPPER,A_STILL_UPPER_SATURATED,UPPER,4.178521559621735,1.3,True,4.710562690461157,2.689996355122581,2.910562690461157,11.911874878973872,32502.83211029346,167271982.0216156,32505.039101974886,167304746.3290657,711,716,18
天津,4,1,MATCHED_PROVINCE_TURN_WITH_PATH_HISTORY_DIVERGENCE,BOTH_NONCONVERGED,False,False,100,100,True,True,0.05105788187268567,0.0010155829586508958,-0.05004229891403478,0.01989081648908354,0.32789646488692226,0.3240200250454559,0.3694040416763818,0.36830831196606795,0.2,0.35,0.14999999999999997,UPPER,UPPER,A_STILL_UPPER_SATURATED,UPPER,1.6373153275527026,1.3,True,105.96093128422928,1133.3679889905388,104.16093128422928,1036.5565537299067,100.77438953940486,2154.01159621788,102.43208522856276,2259.3414916843863,602,709,10
河北,4,2,MATCHED_PROVINCE_TURN_WITH_PATH_HISTORY_DIVERGENCE,G1_CONVERGED_G2_NONCONVERGED,True,False,58,100,False,True,4.6555470589737524e-10,0.15761936228562523,0.15761936182007052,338562493.9217565,0.2759129433409634,0.2725189992734379,0.2831566630613813,0.28227974350808277,0.2,0.28227974350808277,0.08227974350808276,UPPER,UNSATURATED,B_NEWLY_UNSATURATED,UPPER,2.5555180523625842,1.3,True,3.53131735730589,1.6001519635315744,1.7313173573058895,10.918020964566022,132384.08668616987,1958750778.0962887,132381.65384345912,1958618771.9644368,13,74,37
山西,4,3,MATCHED_PROVINCE_TURN_WITH_PATH_HISTORY_DIVERGENCE,BOTH_NONCONVERGED,False,False,100,100,True,True,12.450374112878029,0.3985577330464727,-12.051816379831557,0.03201170739393485,0.39039961299136783,0.38594374793146324,0.39173120356119456,0.39056721335487443,0.2,0.35,0.14999999999999997,UPPER,UPPER,A_STILL_UPPER_SATURATED,UPPER,1.5450329297520757,1.3,True,16042.192137978496,81496381.60662317,16042.823714953412,81513422.47449793,22624401.298912495,60783796940880.36,22624398.414311145,60783774317477.56,231,502,42
内蒙古,4,4,MATCHED_PROVINCE_TURN_WITH_PATH_HISTORY_DIVERGENCE,BOTH_NONCONVERGED,False,False,100,100,True,True,0.7544729065094159,2.424967365146088,1.6704944586366723,3.214121201999484,0.2444579211764211,0.2413481741762699,0.2867470104885722,0.2858455734913801,0.2,0.2858455734913801,0.08584557349138011,UPPER,UNSATURATED,B_NEWLY_UNSATURATED,UPPER,1.6912650137608405,1.3,True,325598.1703785135,13428493909.969536,325596.6102419152,13428168900.006626,104438.23793876456,1727006821.584844,104436.43548504208,1726903251.3344705,243,391,49
辽宁,4,5,MATCHED_PROVINCE_TURN_WITH_PATH_HISTORY_DIVERGENCE,BOTH_NONCONVERGED,False,False,100,100,True,True,1.9257922212467804e-07,0.32109181166831724,0.3210916190890951,1667323.2352160953,0.29655023062481567,0.29296587665293217,0.31000238535729546,0.3090726118019036,0.2,0.3090726118019036,0.10907261180190359,UPPER,UNSATURATED,B_NEWLY_UNSATURATED,UPPER,2.1654898207413917,1.3,True,3.534221755799209,1.6024945174963654,1.9047705387458786,10.348052028646205,85053.42984892629,981777310.0019727,85051.16705337625,981693254.2048556,516,644,16
吉林,4,6,MATCHED_PROVINCE_TURN_WITH_PATH_HISTORY_DIVERGENCE,BOTH_NONCONVERGED,False,False,100,100,True,True,0.8383845057146608,0.8387773136636689,0.00039280794900808935,1.000468529590338,0.1902443757227326,0.1877103859910109,0.226516135526284,0.22588947183892286,0.2,0.22588947183892286,0.025889471838922845,UPPER,UNSATURATED,B_NEWLY_UNSATURATED,UNSATURATED,1.183945826725562,1.183945826725562,False,14718.494960955559,27441790.41214816,14716.934824357284,27428069.682846397,93168.25111365458,2748778271.7578273,93168.96444660102,2748872261.764036,329,516,41
黑龙江,4,7,MATCHED_PROVINCE_TURN_WITH_PATH_HISTORY_DIVERGENCE,BOTH_NONCONVERGED,False,False,100,100,True,True,0.6983650950330851,1.2944036006877233,0.5960385056546382,1.8534769419230508,0.25220851171813274,0.24912804897378196,0.26341488414790726,0.2627427831812212,0.2,0.2627427831812212,0.06274278318122117,UPPER,UNSATURATED,B_NEWLY_UNSATURATED,UNSATURATED,1.2709704765974084,1.2709704765974084,False,76619.36435952348,619674400.2824966,76621.14262503493,619751676.6372216,34603.802631691644,133833107.29137094,34606.06709408956,133868002.88896433,328,372,37
上海,4,8,MATCHED_PROVINCE_TURN_WITH_PATH_HISTORY_DIVERGENCE,BOTH_NONCONVERGED,False,False,100,100,True,True,0.01037808375559554,0.00989047327767989,-0.00048761047791565093,0.9530153649364463,0.9811318104465147,0.971083292719212,0.903417987159644,0.9008764869577105,0.2,0.35,0.14999999999999997,UPPER,UPPER,A_STILL_UPPER_SATURATED,UPPER,4.333093721885332,1.3,True,102.64518153221718,1187.8211801758955,100.92147108773298,2083.6892576948353,105.07875570000581,1200.791975512306,101.92875570000581,2131.915015201309,422,644,22
江苏,4,9,MATCHED_PROVINCE_TURN_WITH_PATH_HISTORY_DIVERGENCE,BOTH_NONCONVERGED,False,False,100,100,True,True,0.5188184953884855,17.27248139228308,16.753662896894593,33.29195382548889,0.5040722235367149,0.4985826064755847,0.4999276768237431,0.4985134760088401,0.2,0.35,0.14999999999999997,UPPER,UPPER,A_STILL_UPPER_SATURATED,UPPER,7.54037812617311,1.3,True,155217.66049318446,15258612870.11845,155217.3447037127,15258458270.633326,308791.8612242064,36233948031.34375,308792.7822762805,36234257821.63155,399,281,16
浙江,4,10,MATCHED_PROVINCE_TURN_WITH_PATH_HISTORY_DIVERGENCE,BOTH_NONCONVERGED,False,False,100,100,True,True,0.3578029789478112,0.0016416767062029658,-0.35616130224160825,0.004588214192711959,0.5758710714077465,0.5697074465753832,0.5661126390609005,0.5645146872400538,0.2,0.35,0.14999999999999997,UPPER,UPPER,A_STILL_UPPER_SATURATED,UPPER,5.110819773971582,1.3,True,5720.904333477019,3273446.7297129603,5719.104333477018,3268723.2196671376,362.2803758286951,14705.018293471287,365.2968691065425,15112.310619600166,403,32,10
安徽,4,11,MATCHED_PROVINCE_TURN_WITH_PATH_HISTORY_DIVERGENCE,G1_NONCONVERGED_G2_CONVERGED,False,True,100,65,True,False,2.1299983472373945,9.311970416980841e-09,-2.129998337925424,4.371820489465852e-09,0.6164448868237455,0.6098798671853107,0.6113356675905564,0.6096227011604383,0.2,0.35,0.14999999999999997,UPPER,UPPER,A_STILL_UPPER_SATURATED,UPPER,3.000387395858246,1.3,True,6774.705933296331,7267645.547011411,6773.444795192659,7260971.381694093,4.7535979005591305,2.7350290900759306,1.6035979005591305,11.74666769020643,145,185,40
福建,4,12,MATCHED_PROVINCE_TURN_WITH_PATH_HISTORY_DIVERGENCE,G1_CONVERGED_G2_NONCONVERGED,True,False,92,100,False,True,1.68391967036996e-11,0.2511242841525321,0.2511242841356929,14913079796.577211,0.6193696260008286,0.6128038573002806,0.60408361319336,0.6023647376373482,0.2,0.35,0.14999999999999997,UPPER,UPPER,A_STILL_UPPER_SATURATED,UPPER,3.8282573734811174,1.3,True,4.321626723900519,2.2998084264631653,2.521626723900519,11.523347854765873,9400.117943099709,8837161.74621282,9396.96794309971,8828759.165187614,24,38,47
江西,4,13,MATCHED_PROVINCE_TURN_WITH_PATH_HISTORY_DIVERGENCE,BOTH_NONCONVERGED,False,False,100,100,True,True,0.17981895681119814,1.2678037179995836,1.0879847611883855,7.050445294990343,0.6120417718393583,0.6055173540510933,0.6072771852128913,0.6055491741972783,0.2,0.35,0.14999999999999997,UPPER,UPPER,A_STILL_UPPER_SATURATED,UPPER,2.1520500410724424,1.3,True,10898.815422650165,11879507.643241975,10897.015422650165,11869607.471916277,426225.8158777896,19176156379.76526,426222.70391314453,19175730729.607517,283,444,36
山东,4,14,MATCHED_PROVINCE_TURN_WITH_PATH_HISTORY_DIVERGENCE,BOTH_NONCONVERGED,False,False,100,100,True,True,1.8590062884672884,0.6687053083654061,-1.1903009801018825,0.35971115994273456,0.2843839842703042,0.2809161612734943,0.3001494331671525,0.29923053039383074,0.2,0.29923053039383074,0.09923053039383073,UPPER,UNSATURATED,B_NEWLY_UNSATURATED,UPPER,4.90420916241362,1.3,True,148046.1476854862,2313545777.0911193,148044.36941997474,2313398728.2130947,15436.00298744986,37727656.73648757,15437.889842568167,37743308.62401939,526,466,18
河南,4,15,MATCHED_PROVINCE_TURN_WITH_PATH_HISTORY_DIVERGENCE,BOTH_NONCONVERGED,False,False,100,100,True,True,0.022133608926831472,0.003367539952466636,-0.018766068974364836,0.1521459949707675,0.2607430886946053,0.2574845422258937,0.2721915854111991,0.27132677909924996,0.2,0.27132677909924996,0.07132677909924995,UPPER,UNSATURATED,B_NEWLY_UNSATURATED,UPPER,3.6484685250554523,1.3,True,128.95566360510122,1675.851883943713,127.15566360510122,2545.4815683045285,108.7787312244005,1382.2334335569508,106.33679021250725,2325.643059770772,503,593,17
湖北,4,16,MATCHED_PROVINCE_TURN_WITH_PATH_HISTORY_DIVERGENCE,BOTH_NONCONVERGED,False,False,100,100,True,True,2.7776449845099167,0.5590253507122587,-2.2186196337976583,0.20125874754685116,0.5007913628592235,0.49530838811697275,0.4973199285573962,0.495879212849897,0.2,0.35,0.14999999999999997,UPPER,UPPER,A_STILL_UPPER_SATURATED,UPPER,3.6689013895041827,1.3,True,184247.78051714937,3583338690.8025928,184246.0022516379,3583154963.896218,42673.20102043468,384438040.88985896,42671.54332474552,384395598.3939994,443,600,28
湖南,4,17,MATCHED_PROVINCE_TURN_WITH_PATH_HISTORY_DIVERGENCE,BOTH_NONCONVERGED,False,False,100,100,True,True,3.421904888825864,3.7797654561999217,0.3578605673740576,1.1045793436698492,0.4414316165138845,0.4365139026139313,0.4409352646144526,0.4396312811122594,0.2,0.35,0.14999999999999997,UPPER,UPPER,A_STILL_UPPER_SATURATED,UPPER,3.03903362384842,1.3,True,10523.586154564819,13152123.892980574,10521.937810936088,13141742.959796824,64789.55071787685,613514415.5878595,64791.93758488521,613580203.6188835,181,281,48
广东,4,18,MATCHED_PROVINCE_TURN_WITH_PATH_HISTORY_DIVERGENCE,G1_NONCONVERGED_G2_CONVERGED,False,True,100,65,True,False,0.023814139760802377,1.5979395584508893e-10,-0.02381413960100842,6.710045269328047e-09,0.525049710099267,0.519387227030893,0.5210736627518774,0.5195182898078206,0.2,0.35,0.14999999999999997,UPPER,UPPER,A_STILL_UPPER_SATURATED,UPPER,7.394570872135887,1.3,True,5.705588460241975,4.436315432744706,4.057244831511153,996.8879324687666,4.576404113950253,2.5519878728131054,1.426404113950253,11.180450707684479,4,46,42
广西,4,19,MATCHED_PROVINCE_TURN_WITH_PATH_HISTORY_DIVERGENCE,G1_CONVERGED_G2_NONCONVERGED,True,False,45,100,False,True,3.552520622118749e-08,1.2641233125729148,1.2641232770477084,35583841.644780725,0.3310408594671371,0.3271609636566497,0.3343966121857467,0.3333327610572069,0.2,0.3333327610572069,0.13333276105720687,UPPER,UNSATURATED,B_NEWLY_UNSATURATED,UPPER,1.7367841258153152,1.3,True,3.597903094808155,1.6542809774438256,1.797903094808155,10.473047378857448,177250.011820668,3511392825.6959586,177247.13897485938,3511215734.500745,325,558,40
海南,4,20,MATCHED_PROVINCE_TURN_WITH_PATH_HISTORY_DIVERGENCE,BOTH_NONCONVERGED,False,False,100,100,True,True,0.24387723715901022,1.5411043852710011,1.297227148111991,6.3191809257138125,0.6904058577643446,0.6831678251865825,0.6779475048872773,0.6759226739653392,0.2,0.35,0.14999999999999997,UPPER,UPPER,A_STILL_UPPER_SATURATED,LOWER,0.7530441201610047,0.8,True,14.7730288442979,23.301541007875564,12.973028844297898,998.7944488257037,501.8355766152484,25234.078153337407,498.6855766152484,25730.963242454734,163,370,34
重庆,4,21,MATCHED_PROVINCE_TURN_WITH_PATH_HISTORY_DIVERGENCE,G1_NONCONVERGED_G2_CONVERGED,False,True,100,72,True,False,0.11901963590055142,1.2707607632833628e-08,-0.11901962319294379,1.0676900107013983e-07,0.6524687926292121,0.6455570562959387,0.6397817888474518,0.6378891045721345,0.2,0.35,0.14999999999999997,UPPER,UPPER,A_STILL_UPPER_SATURATED,UPPER,2.272807937708229,1.3,True,173.97653092978254,3044.1809845291364,172.17653092978253,2853.900576829813,101.9263404232427,1103.5034405618715,98.7763404232427,1999.3275114291623,8,5,48
四川,4,22,MATCHED_PROVINCE_TURN_WITH_PATH_HISTORY_DIVERGENCE,G1_CONVERGED_G2_NONCONVERGED,True,False,57,100,False,True,5.6053643393561003e-08,203.2133848859883,203.21338482993465,3625337669.118076,0.5005506990164533,0.49507077844980263,0.4977916419726842,0.4962890791720553,0.2,0.35,0.14999999999999997,UPPER,UPPER,A_STILL_UPPER_SATURATED,UPPER,3.4524126290868584,1.3,True,4.116820916553703,2.1065035375527774,2.3168209165537026,11.464358729455908,52642.36058490023,329087416.930199,52645.245186250504,329140135.5972174,203,659,21
贵州,4,23,MATCHED_PROVINCE_TURN_WITH_PATH_HISTORY_DIVERGENCE,BOTH_NONCONVERGED,False,False,100,100,True,True,0.8932526960104178,4.186219752017845,3.292967056007427,4.68648991569237,0.5423745702637613,0.5365216603227693,0.5393477583694083,0.5377298552735854,0.2,0.35,0.14999999999999997,UPPER,UPPER,A_STILL_UPPER_SATURATED,UPPER,1.4992849143553402,1.3,True,439230.18810611643,24436977287.891838,439228.62796951813,24436538998.597878,61506.309622773704,449240502.78619725,61503.42502142343,449179068.0197249,513,568,12
云南,4,24,MATCHED_PROVINCE_TURN_WITH_PATH_HISTORY_DIVERGENCE,BOTH_NONCONVERGED,False,False,100,100,True,True,0.7632031142568068,1.7963334973271827,1.033130383070376,2.3536768440422566,0.3572308278588423,0.353102521248594,0.36046933897610234,0.3593305931308349,0.2,0.35,0.14999999999999997,UPPER,UPPER,A_STILL_UPPER_SATURATED,UPPER,1.8920461719978205,1.3,True,11880590.263368346,29798002022668.055,11880589.316113666,29797990143076.42,479534.1634624362,61191318813.726006,479532.505766747,61191794618.22103,159,303,19
西藏,4,25,MATCHED_PROVINCE_TURN_WITH_PATH_HISTORY_DIVERGENCE,BOTH_NONCONVERGED,False,False,100,100,True,True,1.5007187257529409,1.670866055564559,0.17014732981161806,1.1133772284518217,0.6468432454729596,0.6399858197466002,0.6309307266876237,0.6289936977987459,0.2,0.35,0.14999999999999997,UPPER,UPPER,A_STILL_UPPER_SATURATED,LOWER,0.31066789548217427,0.8,True,102929.99911486861,2516224163.474289,102929.15704463172,2516121356.3668203,18784.060501896314,74490518.95981823,18782.402806207156,74471840.07252368,324,460,36
陕西,4,26,MATCHED_PROVINCE_TURN_WITH_PATH_HISTORY_DIVERGENCE,BOTH_NONCONVERGED,False,False,100,100,True,True,0.2652417041379689,3.0469359980422297,2.781694293904261,11.487394140920339,0.4180221821604978,0.41330869447640395,0.41985381392350907,0.4185958349970559,0.2,0.35,0.14999999999999997,UPPER,UPPER,A_STILL_UPPER_SATURATED,UPPER,2.276091888178368,1.3,True,22803.197683929306,58118343.07056144,22801.473973484823,58095743.59367811,19159.701112899264,46500507.889958166,19162.431351946245,46519812.25042896,216,373,49
甘肃,4,27,MATCHED_PROVINCE_TURN_WITH_PATH_HISTORY_DIVERGENCE,BOTH_NONCONVERGED,False,False,100,100,True,True,0.25163841626497274,0.14592200594361465,-0.10571641032135809,0.5798876344459275,0.4756699997197982,0.47058331151592403,0.47343866356666275,0.4722464990676739,0.2,0.35,0.14999999999999997,UPPER,UPPER,A_STILL_UPPER_SATURATED,UNSATURATED,0.9145796280746401,0.9145796280746401,False,13544.61888941171,21786837.688943703,13542.970545782979,21773413.849735945,21758.22002042353,56220817.26378972,21761.10462177381,56243010.972779766,247,359,23
青海,4,28,MATCHED_PROVINCE_TURN_WITH_PATH_HISTORY_DIVERGENCE,BOTH_NONCONVERGED,False,False,100,100,True,True,0.06415002089404975,1.1415295995667487,1.077379578672699,17.794687884078794,0.29242796224671896,0.2888819523956663,0.3202513015815724,0.3192229077703897,0.2,0.3192229077703897,0.11922290777038969,UPPER,UNSATURATED,B_NEWLY_UNSATURATED,LOWER,0.44783922805379356,0.8,True,3525.362577565382,1816779.034432143,3526.7265015701573,1820409.4002299402,253991.50581044072,6809592151.668625,253988.66749500393,6809338466.296734,306,470,41
宁夏,4,29,MATCHED_PROVINCE_TURN_WITH_PATH_HISTORY_DIVERGENCE,G1_CONVERGED_G2_NONCONVERGED,True,False,49,100,False,True,1.7765588666840415e-08,0.0019968433391870932,0.0019968255735984264,112399.50314251134,0.35759250760396855,0.3534398657856703,0.3703736598017125,0.36923659841615647,0.2,0.35,0.14999999999999997,UPPER,UPPER,A_STILL_UPPER_SATURATED,LOWER,0.5436696882923927,0.8,True,3.7438140733193244,1.7759957888903155,1.943814073319324,10.897633376016703,115.04738687509327,1408.627645959511,111.93542223003953,2292.0802757436527,416,713,9
新疆,4,30,MATCHED_PROVINCE_TURN_WITH_PATH_HISTORY_DIVERGENCE,G1_CONVERGED_G2_NONCONVERGED,True,False,84,100,False,True,8.685764774085669e-08,17.001299331428715,17.00129924457107,195737505.83429083,0.35504802631339005,0.3509113236187692,0.36146327121791083,0.36031873859084224,0.2,0.35,0.14999999999999997,UPPER,UPPER,A_STILL_UPPER_SATURATED,UPPER,1.408163687099786,1.3,True,3.5052566491812724,1.5792080825810795,1.7052566491812722,8.907981345601867,19478.641850884822,37943696.699689254,19475.49185088482,37924380.29181134,119,482,38
北京,5,0,MATCHED_PROVINCE_TURN_WITH_PATH_HISTORY_DIVERGENCE,BOTH_NONCONVERGED,False,False,100,100,True,True,0.003595593278689746,31.831377523922477,31.827781930643788,8852.886034852641,1.074223003755112,0.30770273243226304,0.9844675531895832,0.9743264281872892,0.2,0.35,0.14999999999999997,UPPER,UPPER,A_STILL_UPPER_SATURATED,UPPER,1.3719230621544094,1.3,True,106.93004344229922,1217.6188355712743,105.15177793083994,2109.1853794678723,37511.404595505606,148531551.25060767,37508.29263086055,148495037.43369758,136,165,52
天津,5,1,MATCHED_PROVINCE_TURN_WITH_PATH_HISTORY_DIVERGENCE,BOTH_NONCONVERGED,False,False,100,100,True,True,11.238454174969121,0.00014000624123722272,-11.238314168727884,1.2457784590077523e-05,0.32776143323883444,0.0501186599628137,0.3713961896424882,0.36711518196195125,0.2,0.35,0.14999999999999997,UPPER,UPPER,A_STILL_UPPER_SATURATED,LOWER,0.41542610423731524,0.8,True,345174.8138816508,12576520020.961462,345173.03561613936,12576175843.631124,111.83740112295423,1638.8619283541202,108.8209078451069,2585.460521756922,413,94,10
河北,5,2,MATCHED_PROVINCE_TURN_WITH_PATH_HISTORY_DIVERGENCE,G1_CONVERGED_G2_NONCONVERGED,True,False,97,100,False,True,1.0537321348813578e-08,0.34868034647494117,0.3486803359376198,33090036.351050444,0.2757743562065452,0.10675463955094157,0.28455725175111385,0.2810829911650803,0.2,0.2810829911650803,0.08108299116508028,UPPER,UNSATURATED,B_NEWLY_UNSATURATED,UNSATURATED,1.2827493439782813,1.2827493439782813,False,3.5348280019600944,1.6029837005401288,1.7348280019600941,10.922495996077572,190347.45144398796,4302587116.952681,190345.1348371998,4302397048.069965,26,110,42
山西,5,3,MATCHED_PROVINCE_TURN_WITH_PATH_HISTORY_DIVERGENCE,BOTH_NONCONVERGED,False,False,100,100,True,True,0.041976426985004756,0.01389613642557308,-0.028080290559431675,0.3310461948211361,0.39027344093025274,0.11607250654692428,0.3936976374757174,0.3892111110271274,0.2,0.35,0.14999999999999997,UPPER,UPPER,A_STILL_UPPER_SATURATED,LOWER,0.5830169760921422,0.8,True,1398.802385410779,195804.69158162962,1397.002385410779,195404.56597584664,102.84362733628416,1218.3979129441632,99.69362733628415,2116.0405022662685,364,699,6
内蒙古,5,4,MATCHED_PROVINCE_TURN_WITH_PATH_HISTORY_DIVERGENCE,G1_CONVERGED_G2_NONCONVERGED,True,False,96,100,False,True,1.2942535931870225e-11,0.2701170342365806,0.2701170342236381,20870487488.57892,0.2443253303988516,0.04241226489640296,0.28826621556787896,0.2847514150704963,0.2,0.2847514150704963,0.08475141507049627,UPPER,UNSATURATED,B_NEWLY_UNSATURATED,LOWER,0.5476945940104554,0.8,True,3.504125011595553,1.578301710848509,1.7041250115955529,10.523097326243791,89763.0570502245,1020613788.3659405,89765.27830574481,1020703888.8494552,579,601,10
辽宁,5,5,MATCHED_PROVINCE_TURN_WITH_PATH_HISTORY_DIVERGENCE,G1_CONVERGED_G2_NONCONVERGED,True,False,91,100,False,True,8.983789678840282e-08,0.4257241803018338,0.425724090463937,4738803.951572368,0.2964080797735271,0.08902153871542548,0.3115761638483558,0.3078523054554291,0.2,0.3078523054554291,0.10785230545542906,UPPER,UNSATURATED,B_NEWLY_UNSATURATED,UNSATURATED,0.8904134278647118,0.8904134278647118,False,3.537815921777998,1.6053957418163904,1.9146799795931981,10.350306736362095,25988.379129740268,80205856.00060841,25985.84189780883,80180005.09142993,113,286,53
吉林,5,6,MATCHED_PROVINCE_TURN_WITH_PATH_HISTORY_DIVERGENCE,G1_CONVERGED_G2_NONCONVERGED,True,False,41,100,False,True,4.6565824751709783e-08,0.701869138831976,0.7018690922661512,15072623.37936375,0.18998367854925644,0.023126117924419022,0.22771311889082732,0.22482227238999394,0.2,0.22482227238999394,0.024822272389993932,UPPER,UNSATURATED,B_NEWLY_UNSATURATED,LOWER,0.390089548045944,0.8,True,3.2366417079586696,4.2300271955339905,2.26868375727658,18.652372380523303,5655.349941036116,3376547.06919392,5653.3509725701215,3371010.094756341,88,418,39
黑龙江,5,7,MATCHED_PROVINCE_TURN_WITH_PATH_HISTORY_DIVERGENCE,BOTH_NONCONVERGED,False,False,100,100,True,True,0.8572198479563542,0.5513606970969969,-0.30585915085935733,0.6431963730324985,0.2519060053632646,0.059399206274873884,0.2647206618523378,0.26151814348480173,0.2,0.26151814348480173,0.061518143484801724,UPPER,UNSATURATED,B_NEWLY_UNSATURATED,LOWER,0.47444636287088315,0.8,True,42619.321311933716,690238750.5862733,42618.794996462806,690196370.6502956,4737.822839923845,2663754.36331562,4740.076747700579,2666746.6721780323,364,339,33
上海,5,8,MATCHED_PROVINCE_TURN_WITH_PATH_HISTORY_DIVERGENCE,BOTH_NONCONVERGED,False,False,100,100,True,True,1.7285930895947457,0.5316119531293282,-1.1969811364654175,0.3075402512768116,0.9819605771482939,0.29380091671792063,0.9107766847199665,0.9013967388195233,0.2,0.35,0.14999999999999997,UPPER,UPPER,A_STILL_UPPER_SATURATED,UPPER,1.485507180308356,1.3,True,139755.06058259553,2061669876.6752472,139753.28231708406,2061530246.7400532,313.37579739342635,9851.776618935923,310.2257973934264,9827.238153842422,129,173,43
江苏,5,9,MATCHED_PROVINCE_TURN_WITH_PATH_HISTORY_DIVERGENCE,BOTH_NONCONVERGED,False,False,100,100,True,True,0.3100139169908541,1.2801738528426125,0.9701599358517584,4.129407690043733,0.5039778693104688,0.2309676421378247,0.5025000592739993,0.4970221986198039,0.2,0.35,0.14999999999999997,UPPER,UPPER,A_STILL_UPPER_SATURATED,UPPER,4.026776572543312,1.3,True,320060.09210930346,10812980831.894213,320058.313843792,10812661769.260118,35824.48926918345,187576556.26861125,35826.8761361918,187612514.6729023,501,497,50
浙江,5,10,MATCHED_PROVINCE_TURN_WITH_PATH_HISTORY_DIVERGENCE,BOTH_NONCONVERGED,False,False,100,100,True,True,1.3887302309438143,2.777450123241799,1.3887198922979846,1.9999925553245697,0.5758351056380211,0.23744796063586737,0.5691676407281696,0.5630649255845979,0.2,0.35,0.14999999999999997,UPPER,UPPER,A_STILL_UPPER_SATURATED,UPPER,2.452037831427942,1.3,True,170985.48831432377,4629056324.112724,170984.2271762201,4628885702.750393,5685.188943720424,6823969.554341239,5683.531248031266,6818385.991697564,385,519,29
安徽,5,11,MATCHED_PROVINCE_TURN_WITH_PATH_HISTORY_DIVERGENCE,BOTH_NONCONVERGED,False,False,100,100,True,True,0.06857434051310313,0.7902031169553357,0.7216287764422327,11.523306109000703,0.6164318087525948,0.25029102391895697,0.6147363038231443,0.6081872739755416,0.2,0.35,0.14999999999999997,UPPER,UPPER,A_STILL_UPPER_SATURATED,UPPER,1.4145045706571908,1.3,True,45198.649815448895,431287197.1722259,45197.70256076937,431242996.97415334,6821.150412436029,44202370.41666364,6820.7819913834555,44195891.903673075,345,185,13
福建,5,12,MATCHED_PROVINCE_TURN_WITH_PATH_HISTORY_DIVERGENCE,BOTH_NONCONVERGED,False,False,100,100,True,True,0.20214244743748544,0.03246124778222714,-0.1696811996552583,0.16058600355210453,0.6193816391565153,0.21867716231215434,0.6075315293046214,0.6010741746598839,0.2,0.35,0.14999999999999997,UPPER,UPPER,A_STILL_UPPER_SATURATED,UPPER,1.5700048706065424,1.3,True,961.1540011999302,92477.81680238355,959.3540011999303,92514.30166538608,109.76099578113393,1282.6541423695353,106.6490311360802,2170.3943980809813,46,58,53
江西,5,13,MATCHED_PROVINCE_TURN_WITH_PATH_HISTORY_DIVERGENCE,BOTH_NONCONVERGED,False,False,100,100,True,True,2.497401327177062,14.609820913502418,12.112419586325355,5.850009269441941,0.612036379348293,0.22179009901732796,0.6107091739474055,0.6041972551016066,0.2,0.35,0.14999999999999997,UPPER,UPPER,A_STILL_UPPER_SATURATED,UNSATURATED,0.9063303491861651,0.9063303491861651,False,16122.33721867631,27438642.18073071,16120.558953164851,27422537.85496224,1491949.3705307508,704872575200.1864,1491948.2652710448,704871083721.447,393,331,15
山东,5,14,MATCHED_PROVINCE_TURN_WITH_PATH_HISTORY_DIVERGENCE,BOTH_NONCONVERGED,False,False,100,100,True,True,3.897046738174573,3.1549988933226114,-0.7420478448519616,0.8095871323320216,0.2842441369460975,0.12948159393002776,0.301640240077978,0.29801165706037697,0.2,0.29801165706037697,0.09801165706037696,UPPER,UNSATURATED,B_NEWLY_UNSATURATED,UPPER,2.7625565174004443,1.3,True,31588.01697199068,111522297.08541869,31586.293261546198,111490808.30507609,2014.6089837664215,642820.9424981691,2016.488153046708,645068.7343099088,244,476,38
河南,5,15,MATCHED_PROVINCE_TURN_WITH_PATH_HISTORY_DIVERGENCE,BOTH_NONCONVERGED,False,False,100,100,True,True,5.17961739196141,2.2817002678916967,-2.8979171240697137,0.44051521477876293,0.26059987875605206,0.11454730546087794,0.2735396946794597,0.2701627006141658,0.2,0.2701627006141658,0.0701627006141658,UPPER,UNSATURATED,B_NEWLY_UNSATURATED,UPPER,2.0308516852182374,1.3,True,14317.076687316025,22910814.13437033,14315.35297687154,22897495.544577383,8197514.5651724655,21279761751052.785,8197513.71202976,21279753554536.668,510,32,12
湖北,5,16,MATCHED_PROVINCE_TURN_WITH_PATH_HISTORY_DIVERGENCE,BOTH_NONCONVERGED,False,False,100,100,True,True,1.3532615178842833,0.030211129803286052,-1.3230503880809972,0.022324679601115643,0.500695580271544,0.1984753620625198,0.4998931902937874,0.4944187169992699,0.2,0.35,0.14999999999999997,UPPER,UPPER,A_STILL_UPPER_SATURATED,UPPER,1.7099481345458816,1.3,True,184486.98214490587,3592648921.130223,184485.2038793944,3592464708.7300773,516.6979880808505,28232.55539241461,513.5860234357967,28713.32962355366,78,186,45
湖南,5,17,MATCHED_PROVINCE_TURN_WITH_PATH_HISTORY_DIVERGENCE,BOTH_NONCONVERGED,False,False,100,100,True,True,0.17404338258676577,1.1217546500749558,0.94771126748819,6.4452588395064545,0.44131108618888204,0.18007281092479172,0.44313793655273387,0.4382040143072419,0.2,0.35,0.14999999999999997,UPPER,UPPER,A_STILL_UPPER_SATURATED,UPPER,1.473186879913227,1.3,True,6558.2224702543745,4540630.030122795,6560.000735765834,4547374.625111221,62672.06484815399,1066120074.8392444,62670.77539059525,1066057521.6619899,221,341,39
广东,5,18,MATCHED_PROVINCE_TURN_WITH_PATH_HISTORY_DIVERGENCE,BOTH_NONCONVERGED,False,False,100,100,True,True,0.46720868259295456,1.7324220689554037,1.2652133863624493,3.708026270703404,0.5249644027810694,0.27734279104097187,0.5236683874312168,0.5180168100479535,0.2,0.35,0.14999999999999997,UPPER,UPPER,A_STILL_UPPER_SATURATED,UPPER,4.525186058218384,1.3,True,6344935.365333311,4249477806798.4805,6344933.5870678,4249471462861.6616,132272.92506413758,2216189276.595414,132275.65530318455,2216322548.094088,366,585,19
广西,5,19,MATCHED_PROVINCE_TURN_WITH_PATH_HISTORY_DIVERGENCE,BOTH_NONCONVERGED,False,False,100,100,True,True,1.6889541132714985,0.00710978391745698,-1.6818443293540415,0.004209577904804857,0.33090877750640124,0.11100450869239692,0.33601675802228487,0.3320900166746993,0.2,0.3320900166746993,0.13209001667469927,UPPER,UNSATURATED,B_NEWLY_UNSATURATED,LOWER,0.7522894900049226,0.8,True,88375.8147126828,824427770.3396846,88374.03644717134,824340392.1530402,100.59162521329665,1078.5856652218213,97.60281506322436,2005.8992410766332,405,37,7
海南,5,20,MATCHED_PROVINCE_TURN_WITH_PATH_HISTORY_DIVERGENCE,BOTH_NONCONVERGED,False,False,100,100,True,True,70.4255064062228,4.13633957405148,-66.28916683217132,0.05873354392643732,0.6905038685677357,0.14261793679033707,0.6819863387063612,0.6748265170685364,0.2,0.35,0.14999999999999997,UPPER,UPPER,A_STILL_UPPER_SATURATED,LOWER,0.17600033655786793,0.8,True,15027.35771795464,26817803.483797085,15025.709374325908,26802857.998865046,11742.108269871578,17465607.71620261,11739.378030824597,17454863.429011364,226,239,45
重庆,5,21,MATCHED_PROVINCE_TURN_WITH_PATH_HISTORY_DIVERGENCE,BOTH_NONCONVERGED,False,False,100,100,True,True,0.002376252084741126,0.15931936578547423,0.1569431137007331,67.04649174577402,0.6525382686309177,0.20828909568294393,0.6435463972976087,0.6367188431979537,0.2,0.35,0.14999999999999997,UPPER,UPPER,A_STILL_UPPER_SATURATED,UNSATURATED,0.8390024670549294,0.8390024670549294,False,114.98125714459282,1407.015350139285,113.20299163313354,2289.427766431101,275.1002763999355,8485.881083117038,272.08378312208816,9209.476906751774,115,713,43
四川,5,22,MATCHED_PROVINCE_TURN_WITH_PATH_HISTORY_DIVERGENCE,G1_CONVERGED_G2_NONCONVERGED,True,False,73,100,False,True,2.3080049427193217e-08,0.22940511972814948,0.22940509664810005,9939541.960333124,0.5004715634142088,0.22695481721949654,0.5002618097125074,0.4947846327175401,0.2,0.35,0.14999999999999997,UPPER,UPPER,A_STILL_UPPER_SATURATED,UPPER,1.8267983216217174,1.3,True,4.121809176064584,2.111112005995479,2.321809176064584,11.463677994663987,28492.953831185976,90738848.95712322,28489.93733790813,90711353.45740592,205,266,55
贵州,5,23,MATCHED_PROVINCE_TURN_WITH_PATH_HISTORY_DIVERGENCE,BOTH_NONCONVERGED,False,False,100,100,True,True,0.1682942566499126,1.4060744264240812,1.2377801697741686,8.354856870421974,0.542330827604893,0.18157389630051002,0.5422195086118147,0.5363680107324525,0.2,0.35,0.14999999999999997,UPPER,UPPER,A_STILL_UPPER_SATURATED,LOWER,0.5910057535563401,0.8,True,36.4705227229299,2530.8352048714105,36.575785880824604,2631.1705150349803,16377.171830399344,46329123.045238405,16375.146995281948,46313744.458118975,414,486,41
云南,5,24,MATCHED_PROVINCE_TURN_WITH_PATH_HISTORY_DIVERGENCE,BOTH_NONCONVERGED,False,False,100,100,True,True,0.1784454534156582,1.8059929290894523,1.627547475673794,10.120700160864846,0.3571172983531289,0.12021364725523613,0.36220433844501304,0.358029248711803,0.2,0.35,0.14999999999999997,UPPER,UPPER,A_STILL_UPPER_SATURATED,UNSATURATED,0.8069442592850334,0.8069442592850334,False,7.44760770916169,6.387565120864339,5.64760770916169,30.679897786194708,26922.746030654038,240428103.68187958,26919.634066008985,240403036.77210635,226,505,26
西藏,5,25,MATCHED_PROVINCE_TURN_WITH_PATH_HISTORY_DIVERGENCE,BOTH_NONCONVERGED,False,False,100,100,True,True,0.7816900750631186,0.05840955758593391,-0.7232805174771847,0.07472214301968405,0.6469297141207948,0.07801198995970822,0.6346375124157565,0.6278951070183726,0.2,0.35,0.14999999999999997,UPPER,UPPER,A_STILL_UPPER_SATURATED,LOWER,0.04236619075046502,0.8,True,105472.17207479387,1243323503.4602873,105470.44836434939,1243218145.0861204,15.116169604385558,24.36147531129354,11.966169604385557,26.550711544969325,163,251,40
陕西,5,26,MATCHED_PROVINCE_TURN_WITH_PATH_HISTORY_DIVERGENCE,BOTH_NONCONVERGED,False,False,100,100,True,True,0.0897830906223906,2.7196229695694116,2.629839878947021,30.291037551910442,0.41790307412625405,0.13451153027268054,0.42196916619993624,0.41721926024060413,0.2,0.35,0.14999999999999997,UPPER,UPPER,A_STILL_UPPER_SATURATED,UNSATURATED,0.903177762883629,0.903177762883629,False,59.017441468642815,1025.3462531690493,57.21744146864282,1982.568540808904,80253.59484512798,719844203.1580323,80250.57835185014,719764004.8209352,126,251,48
甘肃,5,27,MATCHED_PROVINCE_TURN_WITH_PATH_HISTORY_DIVERGENCE,BOTH_NONCONVERGED,False,False,100,100,True,True,0.005134984155463318,7.5081013919343595,7.502966407778896,1462.1469442989783,0.4753737648325165,0.13327057154769895,0.4756699997197982,0.47058331151592403,0.2,0.35,0.14999999999999997,UPPER,UPPER,A_STILL_UPPER_SATURATED,LOWER,0.31150874559399006,0.8,True,9909.832877056442,14353998.409230677,9911.196801061218,14364149.883871052,504491.63696902373,26865186136.17492,504488.5250043787,26864681901.879726,511,365,42
青海,5,28,MATCHED_PROVINCE_TURN_WITH_PATH_HISTORY_DIVERGENCE,BOTH_NONCONVERGED,False,False,100,100,True,True,0.028109317353648383,0.07149939568452268,0.0433900783308743,2.5436190706795156,0.2922998841637089,0.013660126540229155,0.32184449025284145,0.3180260721027801,0.2,0.3180260721027801,0.1180260721027801,UPPER,UNSATURATED,B_NEWLY_UNSATURATED,LOWER,0.07685657710337138,0.8,True,6656.045371753634,8418224.20279734,6657.097677125048,8425152.220972613,175.70870121707853,5496.617026378275,178.32978246568305,5642.15311582531,480,73,15
宁夏,5,29,MATCHED_PROVINCE_TURN_WITH_PATH_HISTORY_DIVERGENCE,BOTH_NONCONVERGED,False,False,100,100,True,True,0.734947485321783,2.61144060281131,1.8764931174895272,3.5532342853965133,0.35746018276313807,0.03682420424102196,0.37221468545685693,0.36792689232780657,0.2,0.35,0.14999999999999997,UPPER,UPPER,A_STILL_UPPER_SATURATED,LOWER,0.10335686825169833,0.8,True,26717.573410624504,94069483.20751044,26716.013274026227,94091590.6250231,11866.053061681007,15738016.546423547,11863.036568403159,15726253.62802025,301,451,29
新疆,5,30,MATCHED_PROVINCE_TURN_WITH_PATH_HISTORY_DIVERGENCE,G1_CONVERGED_G2_NONCONVERGED,True,False,46,100,False,True,2.2551283063165783e-10,0.9468534516368603,0.9468534514113475,4198667760.8752413,0.35492784482261297,0.08844729456615302,0.3632523007011444,0.3590404480707476,0.2,0.35,0.14999999999999997,UPPER,UPPER,A_STILL_UPPER_SATURATED,LOWER,0.4767256866457321,0.8,True,3.5093295946937615,1.5824723798887241,1.7093295946937612,8.909607099438993,313793.5127983809,10393703628.3102,313790.4008337359,10393390010.786375,141,330,44
