turn,province_index,province,raw_entering_ra,consumed_ra,return_guard_state,return_guard_delta_consumed_minus_raw,raw_firm_wage,raw_firm_wage_status,source_entering_firm_wage_variable,guarded_wjt,wage_guard_state,source_entering_household_wage_variable,consumed_household_composite_wage,standalone_comparable_wage,wage_identity,wage_mapping_receipt,projection_class,nearest_observed_ra,nearest_observed_wage,distance_ra,distance_wage,nearest_observed_health_label,nearest_selection_rule,closest_wage_slice_ra_position,descriptive_use_only,accepted_hjb_converged,accepted_hjb_iterations,accepted_output_exact,source_province_metrics,source_province_metrics_sha256
1,0,北京,0.07859282907432666,0.07859282907432666,NOT_APPLIED_BOOTSTRAP,0,,UNAVAILABLE_IN_ACCEPTED_COMPACT_PROVINCIAL_INPUT_EVIDENCE,wjt,1.3,UPPER,w / results.w,18.319859030118984,18.319859030118984,results.w == HouseholdInputs.wages[0] == standalone HouseholdInputs.wages[0],wage_mapping_receipt.json,UNOBSERVED_OR_INTERPOLATION_NOT_AUTHORIZED,0.08,1.3,0.00140717092567334,17.019859030118984,UPPER_A_BOUNDARY_PILEUP,MIN_ABSOLUTE_WAGE_DISTANCE_THEN_MIN_ABSOLUTE_RA_DISTANCE,BETWEEN_OBSERVED_RA_POINTS_AT_CLOSEST_WAGE_SLICE,DESCRIPTIVE_ONLY__NOT_ADMISSIBILITY_CLASSIFICATION,true,17,true,docs/evidence/ch5_mp4c_k1_hjb_convergence_mechanism_turn1_turn2/province_metrics.csv,d07805266f228268b231cab51a4b9fed34d6bee918c3c60d618bbf48286bbd1c
1,1,天津,0.06490365475420734,0.06490365475420734,NOT_APPLIED_BOOTSTRAP,0,,UNAVAILABLE_IN_ACCEPTED_COMPACT_PROVINCIAL_INPUT_EVIDENCE,wjt,1.3,UPPER,w / results.w,18.198003011640164,18.198003011640164,results.w == HouseholdInputs.wages[0] == standalone HouseholdInputs.wages[0],wage_mapping_receipt.json,UNOBSERVED_OR_INTERPOLATION_NOT_AUTHORIZED,0.065,1.3,0.00009634524579266,16.898003011640164,INTERIOR_A_DISTRIBUTION_CANDIDATE,MIN_ABSOLUTE_WAGE_DISTANCE_THEN_MIN_ABSOLUTE_RA_DISTANCE,BETWEEN_OBSERVED_RA_POINTS_AT_CLOSEST_WAGE_SLICE,DESCRIPTIVE_ONLY__NOT_ADMISSIBILITY_CLASSIFICATION,true,27,true,docs/evidence/ch5_mp4c_k1_hjb_convergence_mechanism_turn1_turn2/province_metrics.csv,d07805266f228268b231cab51a4b9fed34d6bee918c3c60d618bbf48286bbd1c
1,2,河北,0.08640803056619092,0.08640803056619092,NOT_APPLIED_BOOTSTRAP,0,,UNAVAILABLE_IN_ACCEPTED_COMPACT_PROVINCIAL_INPUT_EVIDENCE,wjt,1.3,UPPER,w / results.w,18.121763089356133,18.121763089356133,results.w == HouseholdInputs.wages[0] == standalone HouseholdInputs.wages[0],wage_mapping_receipt.json,UNOBSERVED_OR_INTERPOLATION_NOT_AUTHORIZED,0.09,1.3,0.00359196943380908,16.821763089356133,UPPER_A_BOUNDARY_PILEUP,MIN_ABSOLUTE_WAGE_DISTANCE_THEN_MIN_ABSOLUTE_RA_DISTANCE,BETWEEN_OBSERVED_RA_POINTS_AT_CLOSEST_WAGE_SLICE,DESCRIPTIVE_ONLY__NOT_ADMISSIBILITY_CLASSIFICATION,true,35,true,docs/evidence/ch5_mp4c_k1_hjb_convergence_mechanism_turn1_turn2/province_metrics.csv,d07805266f228268b231cab51a4b9fed34d6bee918c3c60d618bbf48286bbd1c
1,3,山西,0.08643576394514026,0.08643576394514026,NOT_APPLIED_BOOTSTRAP,0,,UNAVAILABLE_IN_ACCEPTED_COMPACT_PROVINCIAL_INPUT_EVIDENCE,wjt,1.3,UPPER,w / results.w,18.203099062044032,18.203099062044032,results.w == HouseholdInputs.wages[0] == standalone HouseholdInputs.wages[0],wage_mapping_receipt.json,UNOBSERVED_OR_INTERPOLATION_NOT_AUTHORIZED,0.09,1.3,0.00356423605485974,16.903099062044032,UPPER_A_BOUNDARY_PILEUP,MIN_ABSOLUTE_WAGE_DISTANCE_THEN_MIN_ABSOLUTE_RA_DISTANCE,BETWEEN_OBSERVED_RA_POINTS_AT_CLOSEST_WAGE_SLICE,DESCRIPTIVE_ONLY__NOT_ADMISSIBILITY_CLASSIFICATION,true,49,true,docs/evidence/ch5_mp4c_k1_hjb_convergence_mechanism_turn1_turn2/province_metrics.csv,d07805266f228268b231cab51a4b9fed34d6bee918c3c60d618bbf48286bbd1c
1,4,内蒙古,0.07370607384987489,0.07370607384987489,NOT_APPLIED_BOOTSTRAP,0,,UNAVAILABLE_IN_ACCEPTED_COMPACT_PROVINCIAL_INPUT_EVIDENCE,wjt,1.3,UPPER,w / results.w,17.638053822269907,17.638053822269907,results.w == HouseholdInputs.wages[0] == standalone HouseholdInputs.wages[0],wage_mapping_receipt.json,UNOBSERVED_OR_INTERPOLATION_NOT_AUTHORIZED,0.0725,1.3,0.00120607384987489,16.338053822269907,TRANSITION_AMBIGUOUS__OWNER_REVIEW_REQUIRED,MIN_ABSOLUTE_WAGE_DISTANCE_THEN_MIN_ABSOLUTE_RA_DISTANCE,BETWEEN_OBSERVED_RA_POINTS_AT_CLOSEST_WAGE_SLICE,DESCRIPTIVE_ONLY__NOT_ADMISSIBILITY_CLASSIFICATION,true,26,true,docs/evidence/ch5_mp4c_k1_hjb_convergence_mechanism_turn1_turn2/province_metrics.csv,d07805266f228268b231cab51a4b9fed34d6bee918c3c60d618bbf48286bbd1c
1,5,辽宁,0.08254889155973023,0.08254889155973023,NOT_APPLIED_BOOTSTRAP,0,,UNAVAILABLE_IN_ACCEPTED_COMPACT_PROVINCIAL_INPUT_EVIDENCE,wjt,1.3,UPPER,w / results.w,16.72579387534917,16.72579387534917,results.w == HouseholdInputs.wages[0] == standalone HouseholdInputs.wages[0],wage_mapping_receipt.json,UNOBSERVED_OR_INTERPOLATION_NOT_AUTHORIZED,0.08,1.3,0.00254889155973023,15.42579387534917,UPPER_A_BOUNDARY_PILEUP,MIN_ABSOLUTE_WAGE_DISTANCE_THEN_MIN_ABSOLUTE_RA_DISTANCE,BETWEEN_OBSERVED_RA_POINTS_AT_CLOSEST_WAGE_SLICE,DESCRIPTIVE_ONLY__NOT_ADMISSIBILITY_CLASSIFICATION,true,15,true,docs/evidence/ch5_mp4c_k1_hjb_convergence_mechanism_turn1_turn2/province_metrics.csv,d07805266f228268b231cab51a4b9fed34d6bee918c3c60d618bbf48286bbd1c
1,6,吉林,0.0786566974876448,0.0786566974876448,NOT_APPLIED_BOOTSTRAP,0,,UNAVAILABLE_IN_ACCEPTED_COMPACT_PROVINCIAL_INPUT_EVIDENCE,wjt,1.3,UPPER,w / results.w,15.98491210464971,15.98491210464971,results.w == HouseholdInputs.wages[0] == standalone HouseholdInputs.wages[0],wage_mapping_receipt.json,UNOBSERVED_OR_INTERPOLATION_NOT_AUTHORIZED,0.08,1.3,0.0013433025123552,14.68491210464971,UPPER_A_BOUNDARY_PILEUP,MIN_ABSOLUTE_WAGE_DISTANCE_THEN_MIN_ABSOLUTE_RA_DISTANCE,BETWEEN_OBSERVED_RA_POINTS_AT_CLOSEST_WAGE_SLICE,DESCRIPTIVE_ONLY__NOT_ADMISSIBILITY_CLASSIFICATION,true,15,true,docs/evidence/ch5_mp4c_k1_hjb_convergence_mechanism_turn1_turn2/province_metrics.csv,d07805266f228268b231cab51a4b9fed34d6bee918c3c60d618bbf48286bbd1c
1,7,黑龙江,0.08488059053640952,0.08488059053640952,NOT_APPLIED_BOOTSTRAP,0,,UNAVAILABLE_IN_ACCEPTED_COMPACT_PROVINCIAL_INPUT_EVIDENCE,wjt,1.3,UPPER,w / results.w,14.782111996765861,14.782111996765861,results.w == HouseholdInputs.wages[0] == standalone HouseholdInputs.wages[0],wage_mapping_receipt.json,UNOBSERVED_OR_INTERPOLATION_NOT_AUTHORIZED,0.08,1.3,0.00488059053640952,13.482111996765861,UPPER_A_BOUNDARY_PILEUP,MIN_ABSOLUTE_WAGE_DISTANCE_THEN_MIN_ABSOLUTE_RA_DISTANCE,BETWEEN_OBSERVED_RA_POINTS_AT_CLOSEST_WAGE_SLICE,DESCRIPTIVE_ONLY__NOT_ADMISSIBILITY_CLASSIFICATION,true,13,true,docs/evidence/ch5_mp4c_k1_hjb_convergence_mechanism_turn1_turn2/province_metrics.csv,d07805266f228268b231cab51a4b9fed34d6bee918c3c60d618bbf48286bbd1c
1,8,上海,0.0786410648427616,0.0786410648427616,NOT_APPLIED_BOOTSTRAP,0,,UNAVAILABLE_IN_ACCEPTED_COMPACT_PROVINCIAL_INPUT_EVIDENCE,wjt,1.3,UPPER,w / results.w,18.0332764190634,18.0332764190634,results.w == HouseholdInputs.wages[0] == standalone HouseholdInputs.wages[0],wage_mapping_receipt.json,UNOBSERVED_OR_INTERPOLATION_NOT_AUTHORIZED,0.08,1.3,0.0013589351572384,16.7332764190634,UPPER_A_BOUNDARY_PILEUP,MIN_ABSOLUTE_WAGE_DISTANCE_THEN_MIN_ABSOLUTE_RA_DISTANCE,BETWEEN_OBSERVED_RA_POINTS_AT_CLOSEST_WAGE_SLICE,DESCRIPTIVE_ONLY__NOT_ADMISSIBILITY_CLASSIFICATION,true,18,true,docs/evidence/ch5_mp4c_k1_hjb_convergence_mechanism_turn1_turn2/province_metrics.csv,d07805266f228268b231cab51a4b9fed34d6bee918c3c60d618bbf48286bbd1c
1,9,江苏,0.08042908909180554,0.08042908909180554,NOT_APPLIED_BOOTSTRAP,0,,UNAVAILABLE_IN_ACCEPTED_COMPACT_PROVINCIAL_INPUT_EVIDENCE,wjt,1.3,UPPER,w / results.w,18.287049574345293,18.287049574345293,results.w == HouseholdInputs.wages[0] == standalone HouseholdInputs.wages[0],wage_mapping_receipt.json,UNOBSERVED_OR_INTERPOLATION_NOT_AUTHORIZED,0.08,1.3,0.00042908909180554,16.987049574345293,UPPER_A_BOUNDARY_PILEUP,MIN_ABSOLUTE_WAGE_DISTANCE_THEN_MIN_ABSOLUTE_RA_DISTANCE,BETWEEN_OBSERVED_RA_POINTS_AT_CLOSEST_WAGE_SLICE,DESCRIPTIVE_ONLY__NOT_ADMISSIBILITY_CLASSIFICATION,true,17,true,docs/evidence/ch5_mp4c_k1_hjb_convergence_mechanism_turn1_turn2/province_metrics.csv,d07805266f228268b231cab51a4b9fed34d6bee918c3c60d618bbf48286bbd1c
1,10,浙江,0.08335304818599189,0.08335304818599189,NOT_APPLIED_BOOTSTRAP,0,,UNAVAILABLE_IN_ACCEPTED_COMPACT_PROVINCIAL_INPUT_EVIDENCE,wjt,1.3,UPPER,w / results.w,18.00489758044457,18.00489758044457,results.w == HouseholdInputs.wages[0] == standalone HouseholdInputs.wages[0],wage_mapping_receipt.json,UNOBSERVED_OR_INTERPOLATION_NOT_AUTHORIZED,0.08,1.3,0.00335304818599189,16.70489758044457,UPPER_A_BOUNDARY_PILEUP,MIN_ABSOLUTE_WAGE_DISTANCE_THEN_MIN_ABSOLUTE_RA_DISTANCE,BETWEEN_OBSERVED_RA_POINTS_AT_CLOSEST_WAGE_SLICE,DESCRIPTIVE_ONLY__NOT_ADMISSIBILITY_CLASSIFICATION,true,15,true,docs/evidence/ch5_mp4c_k1_hjb_convergence_mechanism_turn1_turn2/province_metrics.csv,d07805266f228268b231cab51a4b9fed34d6bee918c3c60d618bbf48286bbd1c
1,11,安徽,0.08895777765800762,0.08895777765800762,NOT_APPLIED_BOOTSTRAP,0,,UNAVAILABLE_IN_ACCEPTED_COMPACT_PROVINCIAL_INPUT_EVIDENCE,wjt,1.3,UPPER,w / results.w,18.29792118969518,18.29792118969518,results.w == HouseholdInputs.wages[0] == standalone HouseholdInputs.wages[0],wage_mapping_receipt.json,UNOBSERVED_OR_INTERPOLATION_NOT_AUTHORIZED,0.09,1.3,0.00104222234199238,16.99792118969518,UPPER_A_BOUNDARY_PILEUP,MIN_ABSOLUTE_WAGE_DISTANCE_THEN_MIN_ABSOLUTE_RA_DISTANCE,BETWEEN_OBSERVED_RA_POINTS_AT_CLOSEST_WAGE_SLICE,DESCRIPTIVE_ONLY__NOT_ADMISSIBILITY_CLASSIFICATION,false,100,true,docs/evidence/ch5_mp4c_k1_hjb_convergence_mechanism_turn1_turn2/province_metrics.csv,d07805266f228268b231cab51a4b9fed34d6bee918c3c60d618bbf48286bbd1c
1,12,福建,0.08227353131506258,0.08227353131506258,NOT_APPLIED_BOOTSTRAP,0,,UNAVAILABLE_IN_ACCEPTED_COMPACT_PROVINCIAL_INPUT_EVIDENCE,wjt,1.3,UPPER,w / results.w,17.622512150269692,17.622512150269692,results.w == HouseholdInputs.wages[0] == standalone HouseholdInputs.wages[0],wage_mapping_receipt.json,UNOBSERVED_OR_INTERPOLATION_NOT_AUTHORIZED,0.08,1.3,0.00227353131506258,16.322512150269692,UPPER_A_BOUNDARY_PILEUP,MIN_ABSOLUTE_WAGE_DISTANCE_THEN_MIN_ABSOLUTE_RA_DISTANCE,BETWEEN_OBSERVED_RA_POINTS_AT_CLOSEST_WAGE_SLICE,DESCRIPTIVE_ONLY__NOT_ADMISSIBILITY_CLASSIFICATION,true,14,true,docs/evidence/ch5_mp4c_k1_hjb_convergence_mechanism_turn1_turn2/province_metrics.csv,d07805266f228268b231cab51a4b9fed34d6bee918c3c60d618bbf48286bbd1c
1,13,江西,0.08911960456738838,0.08911960456738838,NOT_APPLIED_BOOTSTRAP,0,,UNAVAILABLE_IN_ACCEPTED_COMPACT_PROVINCIAL_INPUT_EVIDENCE,wjt,1.3,UPPER,w / results.w,18.066338850784597,18.066338850784597,results.w == HouseholdInputs.wages[0] == standalone HouseholdInputs.wages[0],wage_mapping_receipt.json,UNOBSERVED_OR_INTERPOLATION_NOT_AUTHORIZED,0.09,1.3,0.00088039543261162,16.766338850784597,UPPER_A_BOUNDARY_PILEUP,MIN_ABSOLUTE_WAGE_DISTANCE_THEN_MIN_ABSOLUTE_RA_DISTANCE,BETWEEN_OBSERVED_RA_POINTS_AT_CLOSEST_WAGE_SLICE,DESCRIPTIVE_ONLY__NOT_ADMISSIBILITY_CLASSIFICATION,false,100,true,docs/evidence/ch5_mp4c_k1_hjb_convergence_mechanism_turn1_turn2/province_metrics.csv,d07805266f228268b231cab51a4b9fed34d6bee918c3c60d618bbf48286bbd1c
1,14,山东,0.08264908560515918,0.08264908560515918,NOT_APPLIED_BOOTSTRAP,0,,UNAVAILABLE_IN_ACCEPTED_COMPACT_PROVINCIAL_INPUT_EVIDENCE,wjt,1.3,UPPER,w / results.w,18.321743106447045,18.321743106447045,results.w == HouseholdInputs.wages[0] == standalone HouseholdInputs.wages[0],wage_mapping_receipt.json,UNOBSERVED_OR_INTERPOLATION_NOT_AUTHORIZED,0.08,1.3,0.00264908560515918,17.021743106447045,UPPER_A_BOUNDARY_PILEUP,MIN_ABSOLUTE_WAGE_DISTANCE_THEN_MIN_ABSOLUTE_RA_DISTANCE,BETWEEN_OBSERVED_RA_POINTS_AT_CLOSEST_WAGE_SLICE,DESCRIPTIVE_ONLY__NOT_ADMISSIBILITY_CLASSIFICATION,true,15,true,docs/evidence/ch5_mp4c_k1_hjb_convergence_mechanism_turn1_turn2/province_metrics.csv,d07805266f228268b231cab51a4b9fed34d6bee918c3c60d618bbf48286bbd1c
1,15,河南,0.08521809867670735,0.08521809867670735,NOT_APPLIED_BOOTSTRAP,0,,UNAVAILABLE_IN_ACCEPTED_COMPACT_PROVINCIAL_INPUT_EVIDENCE,wjt,1.3,UPPER,w / results.w,18.484175006636022,18.484175006636022,results.w == HouseholdInputs.wages[0] == standalone HouseholdInputs.wages[0],wage_mapping_receipt.json,UNOBSERVED_OR_INTERPOLATION_NOT_AUTHORIZED,0.09,1.3,0.00478190132329265,17.184175006636022,UPPER_A_BOUNDARY_PILEUP,MIN_ABSOLUTE_WAGE_DISTANCE_THEN_MIN_ABSOLUTE_RA_DISTANCE,BETWEEN_OBSERVED_RA_POINTS_AT_CLOSEST_WAGE_SLICE,DESCRIPTIVE_ONLY__NOT_ADMISSIBILITY_CLASSIFICATION,false,100,true,docs/evidence/ch5_mp4c_k1_hjb_convergence_mechanism_turn1_turn2/province_metrics.csv,d07805266f228268b231cab51a4b9fed34d6bee918c3c60d618bbf48286bbd1c
1,16,湖北,0.0851220223749261,0.0851220223749261,NOT_APPLIED_BOOTSTRAP,0,,UNAVAILABLE_IN_ACCEPTED_COMPACT_PROVINCIAL_INPUT_EVIDENCE,wjt,1.3,UPPER,w / results.w,18.519697907284154,18.519697907284154,results.w == HouseholdInputs.wages[0] == standalone HouseholdInputs.wages[0],wage_mapping_receipt.json,UNOBSERVED_OR_INTERPOLATION_NOT_AUTHORIZED,0.09,1.3,0.0048779776250739,17.219697907284154,UPPER_A_BOUNDARY_PILEUP,MIN_ABSOLUTE_WAGE_DISTANCE_THEN_MIN_ABSOLUTE_RA_DISTANCE,BETWEEN_OBSERVED_RA_POINTS_AT_CLOSEST_WAGE_SLICE,DESCRIPTIVE_ONLY__NOT_ADMISSIBILITY_CLASSIFICATION,false,100,true,docs/evidence/ch5_mp4c_k1_hjb_convergence_mechanism_turn1_turn2/province_metrics.csv,d07805266f228268b231cab51a4b9fed34d6bee918c3c60d618bbf48286bbd1c
1,17,湖南,0.0872058027276669,0.0872058027276669,NOT_APPLIED_BOOTSTRAP,0,,UNAVAILABLE_IN_ACCEPTED_COMPACT_PROVINCIAL_INPUT_EVIDENCE,wjt,1.3,UPPER,w / results.w,18.15409814981755,18.15409814981755,results.w == HouseholdInputs.wages[0] == standalone HouseholdInputs.wages[0],wage_mapping_receipt.json,UNOBSERVED_OR_INTERPOLATION_NOT_AUTHORIZED,0.09,1.3,0.0027941972723331,16.85409814981755,UPPER_A_BOUNDARY_PILEUP,MIN_ABSOLUTE_WAGE_DISTANCE_THEN_MIN_ABSOLUTE_RA_DISTANCE,BETWEEN_OBSERVED_RA_POINTS_AT_CLOSEST_WAGE_SLICE,DESCRIPTIVE_ONLY__NOT_ADMISSIBILITY_CLASSIFICATION,false,100,true,docs/evidence/ch5_mp4c_k1_hjb_convergence_mechanism_turn1_turn2/province_metrics.csv,d07805266f228268b231cab51a4b9fed34d6bee918c3c60d618bbf48286bbd1c
1,18,广东,0.086287673370157,0.086287673370157,NOT_APPLIED_BOOTSTRAP,0,,UNAVAILABLE_IN_ACCEPTED_COMPACT_PROVINCIAL_INPUT_EVIDENCE,wjt,1.3,UPPER,w / results.w,17.286415001574493,17.286415001574493,results.w == HouseholdInputs.wages[0] == standalone HouseholdInputs.wages[0],wage_mapping_receipt.json,UNOBSERVED_OR_INTERPOLATION_NOT_AUTHORIZED,0.09,1.3,0.003712326629843,15.986415001574493,UPPER_A_BOUNDARY_PILEUP,MIN_ABSOLUTE_WAGE_DISTANCE_THEN_MIN_ABSOLUTE_RA_DISTANCE,BETWEEN_OBSERVED_RA_POINTS_AT_CLOSEST_WAGE_SLICE,DESCRIPTIVE_ONLY__NOT_ADMISSIBILITY_CLASSIFICATION,false,100,true,docs/evidence/ch5_mp4c_k1_hjb_convergence_mechanism_turn1_turn2/province_metrics.csv,d07805266f228268b231cab51a4b9fed34d6bee918c3c60d618bbf48286bbd1c
1,19,广西,0.08756544677060778,0.08756544677060778,NOT_APPLIED_BOOTSTRAP,0,,UNAVAILABLE_IN_ACCEPTED_COMPACT_PROVINCIAL_INPUT_EVIDENCE,wjt,1.3,UPPER,w / results.w,16.822125649139746,16.822125649139746,results.w == HouseholdInputs.wages[0] == standalone HouseholdInputs.wages[0],wage_mapping_receipt.json,UNOBSERVED_OR_INTERPOLATION_NOT_AUTHORIZED,0.09,1.3,0.00243455322939222,15.522125649139746,UPPER_A_BOUNDARY_PILEUP,MIN_ABSOLUTE_WAGE_DISTANCE_THEN_MIN_ABSOLUTE_RA_DISTANCE,BETWEEN_OBSERVED_RA_POINTS_AT_CLOSEST_WAGE_SLICE,DESCRIPTIVE_ONLY__NOT_ADMISSIBILITY_CLASSIFICATION,false,100,true,docs/evidence/ch5_mp4c_k1_hjb_convergence_mechanism_turn1_turn2/province_metrics.csv,d07805266f228268b231cab51a4b9fed34d6bee918c3c60d618bbf48286bbd1c
1,20,海南,0.08665876897535335,0.08665876897535335,NOT_APPLIED_BOOTSTRAP,0,,UNAVAILABLE_IN_ACCEPTED_COMPACT_PROVINCIAL_INPUT_EVIDENCE,wjt,1.3,UPPER,w / results.w,16.244721014420247,16.244721014420247,results.w == HouseholdInputs.wages[0] == standalone HouseholdInputs.wages[0],wage_mapping_receipt.json,UNOBSERVED_OR_INTERPOLATION_NOT_AUTHORIZED,0.09,1.3,0.00334123102464665,14.944721014420247,UPPER_A_BOUNDARY_PILEUP,MIN_ABSOLUTE_WAGE_DISTANCE_THEN_MIN_ABSOLUTE_RA_DISTANCE,BETWEEN_OBSERVED_RA_POINTS_AT_CLOSEST_WAGE_SLICE,DESCRIPTIVE_ONLY__NOT_ADMISSIBILITY_CLASSIFICATION,true,14,true,docs/evidence/ch5_mp4c_k1_hjb_convergence_mechanism_turn1_turn2/province_metrics.csv,d07805266f228268b231cab51a4b9fed34d6bee918c3c60d618bbf48286bbd1c
1,21,重庆,0.08592885327235546,0.08592885327235546,NOT_APPLIED_BOOTSTRAP,0,,UNAVAILABLE_IN_ACCEPTED_COMPACT_PROVINCIAL_INPUT_EVIDENCE,wjt,1.3,UPPER,w / results.w,18.070548844406634,18.070548844406634,results.w == HouseholdInputs.wages[0] == standalone HouseholdInputs.wages[0],wage_mapping_receipt.json,UNOBSERVED_OR_INTERPOLATION_NOT_AUTHORIZED,0.09,1.3,0.00407114672764454,16.770548844406634,UPPER_A_BOUNDARY_PILEUP,MIN_ABSOLUTE_WAGE_DISTANCE_THEN_MIN_ABSOLUTE_RA_DISTANCE,BETWEEN_OBSERVED_RA_POINTS_AT_CLOSEST_WAGE_SLICE,DESCRIPTIVE_ONLY__NOT_ADMISSIBILITY_CLASSIFICATION,false,100,true,docs/evidence/ch5_mp4c_k1_hjb_convergence_mechanism_turn1_turn2/province_metrics.csv,d07805266f228268b231cab51a4b9fed34d6bee918c3c60d618bbf48286bbd1c
1,22,四川,0.08906225625677495,0.08906225625677495,NOT_APPLIED_BOOTSTRAP,0,,UNAVAILABLE_IN_ACCEPTED_COMPACT_PROVINCIAL_INPUT_EVIDENCE,wjt,1.3,UPPER,w / results.w,17.717335154425694,17.717335154425694,results.w == HouseholdInputs.wages[0] == standalone HouseholdInputs.wages[0],wage_mapping_receipt.json,UNOBSERVED_OR_INTERPOLATION_NOT_AUTHORIZED,0.09,1.3,0.00093774374322505,16.417335154425694,UPPER_A_BOUNDARY_PILEUP,MIN_ABSOLUTE_WAGE_DISTANCE_THEN_MIN_ABSOLUTE_RA_DISTANCE,BETWEEN_OBSERVED_RA_POINTS_AT_CLOSEST_WAGE_SLICE,DESCRIPTIVE_ONLY__NOT_ADMISSIBILITY_CLASSIFICATION,false,100,true,docs/evidence/ch5_mp4c_k1_hjb_convergence_mechanism_turn1_turn2/province_metrics.csv,d07805266f228268b231cab51a4b9fed34d6bee918c3c60d618bbf48286bbd1c
1,23,贵州,0.08979022758512188,0.08979022758512188,NOT_APPLIED_BOOTSTRAP,0,,UNAVAILABLE_IN_ACCEPTED_COMPACT_PROVINCIAL_INPUT_EVIDENCE,wjt,1.3,UPPER,w / results.w,17.471672154406804,17.471672154406804,results.w == HouseholdInputs.wages[0] == standalone HouseholdInputs.wages[0],wage_mapping_receipt.json,UNOBSERVED_OR_INTERPOLATION_NOT_AUTHORIZED,0.09,1.3,0.00020977241487812,16.171672154406804,UPPER_A_BOUNDARY_PILEUP,MIN_ABSOLUTE_WAGE_DISTANCE_THEN_MIN_ABSOLUTE_RA_DISTANCE,BETWEEN_OBSERVED_RA_POINTS_AT_CLOSEST_WAGE_SLICE,DESCRIPTIVE_ONLY__NOT_ADMISSIBILITY_CLASSIFICATION,false,100,true,docs/evidence/ch5_mp4c_k1_hjb_convergence_mechanism_turn1_turn2/province_metrics.csv,d07805266f228268b231cab51a4b9fed34d6bee918c3c60d618bbf48286bbd1c
1,24,云南,0.08689848117056337,0.08689848117056337,NOT_APPLIED_BOOTSTRAP,0,,UNAVAILABLE_IN_ACCEPTED_COMPACT_PROVINCIAL_INPUT_EVIDENCE,wjt,1.3,UPPER,w / results.w,16.690391966376946,16.690391966376946,results.w == HouseholdInputs.wages[0] == standalone HouseholdInputs.wages[0],wage_mapping_receipt.json,UNOBSERVED_OR_INTERPOLATION_NOT_AUTHORIZED,0.09,1.3,0.00310151882943663,15.390391966376946,UPPER_A_BOUNDARY_PILEUP,MIN_ABSOLUTE_WAGE_DISTANCE_THEN_MIN_ABSOLUTE_RA_DISTANCE,BETWEEN_OBSERVED_RA_POINTS_AT_CLOSEST_WAGE_SLICE,DESCRIPTIVE_ONLY__NOT_ADMISSIBILITY_CLASSIFICATION,true,60,true,docs/evidence/ch5_mp4c_k1_hjb_convergence_mechanism_turn1_turn2/province_metrics.csv,d07805266f228268b231cab51a4b9fed34d6bee918c3c60d618bbf48286bbd1c
1,25,西藏,0.08467093143392833,0.08467093143392833,NOT_APPLIED_BOOTSTRAP,0,,UNAVAILABLE_IN_ACCEPTED_COMPACT_PROVINCIAL_INPUT_EVIDENCE,wjt,1.3,UPPER,w / results.w,14.871770683578495,14.871770683578495,results.w == HouseholdInputs.wages[0] == standalone HouseholdInputs.wages[0],wage_mapping_receipt.json,UNOBSERVED_OR_INTERPOLATION_NOT_AUTHORIZED,0.08,1.3,0.00467093143392833,13.571770683578495,UPPER_A_BOUNDARY_PILEUP,MIN_ABSOLUTE_WAGE_DISTANCE_THEN_MIN_ABSOLUTE_RA_DISTANCE,BETWEEN_OBSERVED_RA_POINTS_AT_CLOSEST_WAGE_SLICE,DESCRIPTIVE_ONLY__NOT_ADMISSIBILITY_CLASSIFICATION,true,13,true,docs/evidence/ch5_mp4c_k1_hjb_convergence_mechanism_turn1_turn2/province_metrics.csv,d07805266f228268b231cab51a4b9fed34d6bee918c3c60d618bbf48286bbd1c
1,26,陕西,0.08403899067870337,0.08403899067870337,NOT_APPLIED_BOOTSTRAP,0,,UNAVAILABLE_IN_ACCEPTED_COMPACT_PROVINCIAL_INPUT_EVIDENCE,wjt,1.3,UPPER,w / results.w,18.430975272573402,18.430975272573402,results.w == HouseholdInputs.wages[0] == standalone HouseholdInputs.wages[0],wage_mapping_receipt.json,UNOBSERVED_OR_INTERPOLATION_NOT_AUTHORIZED,0.08,1.3,0.00403899067870337,17.130975272573402,UPPER_A_BOUNDARY_PILEUP,MIN_ABSOLUTE_WAGE_DISTANCE_THEN_MIN_ABSOLUTE_RA_DISTANCE,BETWEEN_OBSERVED_RA_POINTS_AT_CLOSEST_WAGE_SLICE,DESCRIPTIVE_ONLY__NOT_ADMISSIBILITY_CLASSIFICATION,true,77,true,docs/evidence/ch5_mp4c_k1_hjb_convergence_mechanism_turn1_turn2/province_metrics.csv,d07805266f228268b231cab51a4b9fed34d6bee918c3c60d618bbf48286bbd1c
1,27,甘肃,0.09,0.09,NOT_APPLIED_BOOTSTRAP,0,,UNAVAILABLE_IN_ACCEPTED_COMPACT_PROVINCIAL_INPUT_EVIDENCE,wjt,1.3,UPPER,w / results.w,17.49933815729084,17.49933815729084,results.w == HouseholdInputs.wages[0] == standalone HouseholdInputs.wages[0],wage_mapping_receipt.json,UNOBSERVED_OR_INTERPOLATION_NOT_AUTHORIZED,0.09,1.3,0,16.19933815729084,UPPER_A_BOUNDARY_PILEUP,MIN_ABSOLUTE_WAGE_DISTANCE_THEN_MIN_ABSOLUTE_RA_DISTANCE,EXACT_RA_AT_CLOSEST_WAGE_SLICE__WAGE_NOT_EXACT,DESCRIPTIVE_ONLY__NOT_ADMISSIBILITY_CLASSIFICATION,false,100,true,docs/evidence/ch5_mp4c_k1_hjb_convergence_mechanism_turn1_turn2/province_metrics.csv,d07805266f228268b231cab51a4b9fed34d6bee918c3c60d618bbf48286bbd1c
1,28,青海,0.07491839929988998,0.07491839929988998,NOT_APPLIED_BOOTSTRAP,0,,UNAVAILABLE_IN_ACCEPTED_COMPACT_PROVINCIAL_INPUT_EVIDENCE,wjt,1.3,UPPER,w / results.w,16.341381100330132,16.341381100330132,results.w == HouseholdInputs.wages[0] == standalone HouseholdInputs.wages[0],wage_mapping_receipt.json,UNOBSERVED_OR_INTERPOLATION_NOT_AUTHORIZED,0.0725,1.3,0.00241839929988998,15.041381100330132,TRANSITION_AMBIGUOUS__OWNER_REVIEW_REQUIRED,MIN_ABSOLUTE_WAGE_DISTANCE_THEN_MIN_ABSOLUTE_RA_DISTANCE,BETWEEN_OBSERVED_RA_POINTS_AT_CLOSEST_WAGE_SLICE,DESCRIPTIVE_ONLY__NOT_ADMISSIBILITY_CLASSIFICATION,true,24,true,docs/evidence/ch5_mp4c_k1_hjb_convergence_mechanism_turn1_turn2/province_metrics.csv,d07805266f228268b231cab51a4b9fed34d6bee918c3c60d618bbf48286bbd1c
1,29,宁夏,0.07895728546418417,0.07895728546418417,NOT_APPLIED_BOOTSTRAP,0,,UNAVAILABLE_IN_ACCEPTED_COMPACT_PROVINCIAL_INPUT_EVIDENCE,wjt,1.3,UPPER,w / results.w,17.874582154052934,17.874582154052934,results.w == HouseholdInputs.wages[0] == standalone HouseholdInputs.wages[0],wage_mapping_receipt.json,UNOBSERVED_OR_INTERPOLATION_NOT_AUTHORIZED,0.08,1.3,0.00104271453581583,16.574582154052934,UPPER_A_BOUNDARY_PILEUP,MIN_ABSOLUTE_WAGE_DISTANCE_THEN_MIN_ABSOLUTE_RA_DISTANCE,BETWEEN_OBSERVED_RA_POINTS_AT_CLOSEST_WAGE_SLICE,DESCRIPTIVE_ONLY__NOT_ADMISSIBILITY_CLASSIFICATION,true,17,true,docs/evidence/ch5_mp4c_k1_hjb_convergence_mechanism_turn1_turn2/province_metrics.csv,d07805266f228268b231cab51a4b9fed34d6bee918c3c60d618bbf48286bbd1c
1,30,新疆,0.08353213126422437,0.08353213126422437,NOT_APPLIED_BOOTSTRAP,0,,UNAVAILABLE_IN_ACCEPTED_COMPACT_PROVINCIAL_INPUT_EVIDENCE,wjt,1.3,UPPER,w / results.w,13.837477514705718,13.837477514705718,results.w == HouseholdInputs.wages[0] == standalone HouseholdInputs.wages[0],wage_mapping_receipt.json,UNOBSERVED_OR_INTERPOLATION_NOT_AUTHORIZED,0.08,1.3,0.00353213126422437,12.537477514705718,UPPER_A_BOUNDARY_PILEUP,MIN_ABSOLUTE_WAGE_DISTANCE_THEN_MIN_ABSOLUTE_RA_DISTANCE,BETWEEN_OBSERVED_RA_POINTS_AT_CLOSEST_WAGE_SLICE,DESCRIPTIVE_ONLY__NOT_ADMISSIBILITY_CLASSIFICATION,true,15,true,docs/evidence/ch5_mp4c_k1_hjb_convergence_mechanism_turn1_turn2/province_metrics.csv,d07805266f228268b231cab51a4b9fed34d6bee918c3c60d618bbf48286bbd1c
2,0,北京,0.8201047990241246,0.35,UPPER,-0.4701047990241246,,UNAVAILABLE_IN_ACCEPTED_COMPACT_PROVINCIAL_INPUT_EVIDENCE,wjt,1.3,UPPER,w / results.w,17.299970660971283,17.299970660971283,results.w == HouseholdInputs.wages[0] == standalone HouseholdInputs.wages[0],wage_mapping_receipt.json,UNOBSERVED_OR_INTERPOLATION_NOT_AUTHORIZED,0.09,1.3,0.26,15.999970660971283,UPPER_A_BOUNDARY_PILEUP,MIN_ABSOLUTE_WAGE_DISTANCE_THEN_MIN_ABSOLUTE_RA_DISTANCE,ABOVE_HIGHEST_OBSERVED_RA_AT_CLOSEST_WAGE_SLICE,DESCRIPTIVE_ONLY__NOT_ADMISSIBILITY_CLASSIFICATION,false,100,true,docs/evidence/ch5_mp4c_k1_hjb_convergence_mechanism_turn1_turn2/province_metrics.csv,d07805266f228268b231cab51a4b9fed34d6bee918c3c60d618bbf48286bbd1c
2,1,天津,0.3301168592285279,0.3301168592285279,UNSATURATED,0,,UNAVAILABLE_IN_ACCEPTED_COMPACT_PROVINCIAL_INPUT_EVIDENCE,wjt,1.3,UPPER,w / results.w,17.195008630055963,17.195008630055963,results.w == HouseholdInputs.wages[0] == standalone HouseholdInputs.wages[0],wage_mapping_receipt.json,UNOBSERVED_OR_INTERPOLATION_NOT_AUTHORIZED,0.09,1.3,0.2401168592285279,15.895008630055963,UPPER_A_BOUNDARY_PILEUP,MIN_ABSOLUTE_WAGE_DISTANCE_THEN_MIN_ABSOLUTE_RA_DISTANCE,ABOVE_HIGHEST_OBSERVED_RA_AT_CLOSEST_WAGE_SLICE,DESCRIPTIVE_ONLY__NOT_ADMISSIBILITY_CLASSIFICATION,false,100,true,docs/evidence/ch5_mp4c_k1_hjb_convergence_mechanism_turn1_turn2/province_metrics.csv,d07805266f228268b231cab51a4b9fed34d6bee918c3c60d618bbf48286bbd1c
2,2,河北,0.2618268115116993,0.2618268115116993,UNSATURATED,0,,UNAVAILABLE_IN_ACCEPTED_COMPACT_PROVINCIAL_INPUT_EVIDENCE,wjt,1.3,UPPER,w / results.w,17.109022000888128,17.109022000888128,results.w == HouseholdInputs.wages[0] == standalone HouseholdInputs.wages[0],wage_mapping_receipt.json,UNOBSERVED_OR_INTERPOLATION_NOT_AUTHORIZED,0.09,1.3,0.1718268115116993,15.809022000888128,UPPER_A_BOUNDARY_PILEUP,MIN_ABSOLUTE_WAGE_DISTANCE_THEN_MIN_ABSOLUTE_RA_DISTANCE,ABOVE_HIGHEST_OBSERVED_RA_AT_CLOSEST_WAGE_SLICE,DESCRIPTIVE_ONLY__NOT_ADMISSIBILITY_CLASSIFICATION,false,100,true,docs/evidence/ch5_mp4c_k1_hjb_convergence_mechanism_turn1_turn2/province_metrics.csv,d07805266f228268b231cab51a4b9fed34d6bee918c3c60d618bbf48286bbd1c
2,3,山西,0.3541478483179543,0.35,UPPER,-0.0041478483179543,,UNAVAILABLE_IN_ACCEPTED_COMPACT_PROVINCIAL_INPUT_EVIDENCE,wjt,1.3,UPPER,w / results.w,17.144883996985083,17.144883996985083,results.w == HouseholdInputs.wages[0] == standalone HouseholdInputs.wages[0],wage_mapping_receipt.json,UNOBSERVED_OR_INTERPOLATION_NOT_AUTHORIZED,0.09,1.3,0.26,15.844883996985083,UPPER_A_BOUNDARY_PILEUP,MIN_ABSOLUTE_WAGE_DISTANCE_THEN_MIN_ABSOLUTE_RA_DISTANCE,ABOVE_HIGHEST_OBSERVED_RA_AT_CLOSEST_WAGE_SLICE,DESCRIPTIVE_ONLY__NOT_ADMISSIBILITY_CLASSIFICATION,false,100,true,docs/evidence/ch5_mp4c_k1_hjb_convergence_mechanism_turn1_turn2/province_metrics.csv,d07805266f228268b231cab51a4b9fed34d6bee918c3c60d618bbf48286bbd1c
2,4,内蒙古,0.25938351792132075,0.25938351792132075,UNSATURATED,0,,UNAVAILABLE_IN_ACCEPTED_COMPACT_PROVINCIAL_INPUT_EVIDENCE,wjt,1.3,UPPER,w / results.w,16.59286864974986,16.59286864974986,results.w == HouseholdInputs.wages[0] == standalone HouseholdInputs.wages[0],wage_mapping_receipt.json,UNOBSERVED_OR_INTERPOLATION_NOT_AUTHORIZED,0.09,1.3,0.16938351792132075,15.29286864974986,UPPER_A_BOUNDARY_PILEUP,MIN_ABSOLUTE_WAGE_DISTANCE_THEN_MIN_ABSOLUTE_RA_DISTANCE,ABOVE_HIGHEST_OBSERVED_RA_AT_CLOSEST_WAGE_SLICE,DESCRIPTIVE_ONLY__NOT_ADMISSIBILITY_CLASSIFICATION,false,100,true,docs/evidence/ch5_mp4c_k1_hjb_convergence_mechanism_turn1_turn2/province_metrics.csv,d07805266f228268b231cab51a4b9fed34d6bee918c3c60d618bbf48286bbd1c
2,5,辽宁,0.28288915914936935,0.28288915914936935,UNSATURATED,0,,UNAVAILABLE_IN_ACCEPTED_COMPACT_PROVINCIAL_INPUT_EVIDENCE,wjt,1.3,UPPER,w / results.w,15.834995829751918,15.834995829751918,results.w == HouseholdInputs.wages[0] == standalone HouseholdInputs.wages[0],wage_mapping_receipt.json,UNOBSERVED_OR_INTERPOLATION_NOT_AUTHORIZED,0.09,1.3,0.19288915914936935,14.534995829751918,UPPER_A_BOUNDARY_PILEUP,MIN_ABSOLUTE_WAGE_DISTANCE_THEN_MIN_ABSOLUTE_RA_DISTANCE,ABOVE_HIGHEST_OBSERVED_RA_AT_CLOSEST_WAGE_SLICE,DESCRIPTIVE_ONLY__NOT_ADMISSIBILITY_CLASSIFICATION,false,100,true,docs/evidence/ch5_mp4c_k1_hjb_convergence_mechanism_turn1_turn2/province_metrics.csv,d07805266f228268b231cab51a4b9fed34d6bee918c3c60d618bbf48286bbd1c
2,6,吉林,0.20767394001491743,0.20767394001491743,UNSATURATED,0,,UNAVAILABLE_IN_ACCEPTED_COMPACT_PROVINCIAL_INPUT_EVIDENCE,wjt,1.1893962923482995,UNSATURATED,w / results.w,15.134974362204954,15.134974362204954,results.w == HouseholdInputs.wages[0] == standalone HouseholdInputs.wages[0],wage_mapping_receipt.json,UNOBSERVED_OR_INTERPOLATION_NOT_AUTHORIZED,0.09,1.3,0.11767394001491743,13.834974362204954,UPPER_A_BOUNDARY_PILEUP,MIN_ABSOLUTE_WAGE_DISTANCE_THEN_MIN_ABSOLUTE_RA_DISTANCE,ABOVE_HIGHEST_OBSERVED_RA_AT_CLOSEST_WAGE_SLICE,DESCRIPTIVE_ONLY__NOT_ADMISSIBILITY_CLASSIFICATION,false,100,true,docs/evidence/ch5_mp4c_k1_hjb_convergence_mechanism_turn1_turn2/province_metrics.csv,d07805266f228268b231cab51a4b9fed34d6bee918c3c60d618bbf48286bbd1c
2,7,黑龙江,0.24079289752609306,0.24079289752609306,UNSATURATED,0,,UNAVAILABLE_IN_ACCEPTED_COMPACT_PROVINCIAL_INPUT_EVIDENCE,wjt,1.2775992877170088,UNSATURATED,w / results.w,13.997338503949052,13.997338503949052,results.w == HouseholdInputs.wages[0] == standalone HouseholdInputs.wages[0],wage_mapping_receipt.json,UNOBSERVED_OR_INTERPOLATION_NOT_AUTHORIZED,0.09,1.3,0.15079289752609306,12.697338503949052,UPPER_A_BOUNDARY_PILEUP,MIN_ABSOLUTE_WAGE_DISTANCE_THEN_MIN_ABSOLUTE_RA_DISTANCE,ABOVE_HIGHEST_OBSERVED_RA_AT_CLOSEST_WAGE_SLICE,DESCRIPTIVE_ONLY__NOT_ADMISSIBILITY_CLASSIFICATION,false,100,true,docs/evidence/ch5_mp4c_k1_hjb_convergence_mechanism_turn1_turn2/province_metrics.csv,d07805266f228268b231cab51a4b9fed34d6bee918c3c60d618bbf48286bbd1c
2,8,上海,0.7686338107969248,0.35,UPPER,-0.4186338107969248,,UNAVAILABLE_IN_ACCEPTED_COMPACT_PROVINCIAL_INPUT_EVIDENCE,wjt,1.3,UPPER,w / results.w,17.087607156872718,17.087607156872718,results.w == HouseholdInputs.wages[0] == standalone HouseholdInputs.wages[0],wage_mapping_receipt.json,UNOBSERVED_OR_INTERPOLATION_NOT_AUTHORIZED,0.09,1.3,0.26,15.787607156872718,UPPER_A_BOUNDARY_PILEUP,MIN_ABSOLUTE_WAGE_DISTANCE_THEN_MIN_ABSOLUTE_RA_DISTANCE,ABOVE_HIGHEST_OBSERVED_RA_AT_CLOSEST_WAGE_SLICE,DESCRIPTIVE_ONLY__NOT_ADMISSIBILITY_CLASSIFICATION,false,100,true,docs/evidence/ch5_mp4c_k1_hjb_convergence_mechanism_turn1_turn2/province_metrics.csv,d07805266f228268b231cab51a4b9fed34d6bee918c3c60d618bbf48286bbd1c
2,9,江苏,0.4559391086970459,0.35,UPPER,-0.1059391086970459,,UNAVAILABLE_IN_ACCEPTED_COMPACT_PROVINCIAL_INPUT_EVIDENCE,wjt,1.3,UPPER,w / results.w,17.316265334824283,17.316265334824283,results.w == HouseholdInputs.wages[0] == standalone HouseholdInputs.wages[0],wage_mapping_receipt.json,UNOBSERVED_OR_INTERPOLATION_NOT_AUTHORIZED,0.09,1.3,0.26,16.016265334824283,UPPER_A_BOUNDARY_PILEUP,MIN_ABSOLUTE_WAGE_DISTANCE_THEN_MIN_ABSOLUTE_RA_DISTANCE,ABOVE_HIGHEST_OBSERVED_RA_AT_CLOSEST_WAGE_SLICE,DESCRIPTIVE_ONLY__NOT_ADMISSIBILITY_CLASSIFICATION,false,100,true,docs/evidence/ch5_mp4c_k1_hjb_convergence_mechanism_turn1_turn2/province_metrics.csv,d07805266f228268b231cab51a4b9fed34d6bee918c3c60d618bbf48286bbd1c
2,10,浙江,0.5103872209647321,0.35,UPPER,-0.1603872209647321,,UNAVAILABLE_IN_ACCEPTED_COMPACT_PROVINCIAL_INPUT_EVIDENCE,wjt,1.3,UPPER,w / results.w,17.051197623233485,17.051197623233485,results.w == HouseholdInputs.wages[0] == standalone HouseholdInputs.wages[0],wage_mapping_receipt.json,UNOBSERVED_OR_INTERPOLATION_NOT_AUTHORIZED,0.09,1.3,0.26,15.751197623233485,UPPER_A_BOUNDARY_PILEUP,MIN_ABSOLUTE_WAGE_DISTANCE_THEN_MIN_ABSOLUTE_RA_DISTANCE,ABOVE_HIGHEST_OBSERVED_RA_AT_CLOSEST_WAGE_SLICE,DESCRIPTIVE_ONLY__NOT_ADMISSIBILITY_CLASSIFICATION,false,100,true,docs/evidence/ch5_mp4c_k1_hjb_convergence_mechanism_turn1_turn2/province_metrics.csv,d07805266f228268b231cab51a4b9fed34d6bee918c3c60d618bbf48286bbd1c
2,11,安徽,0.5489080240565922,0.35,UPPER,-0.1989080240565922,,UNAVAILABLE_IN_ACCEPTED_COMPACT_PROVINCIAL_INPUT_EVIDENCE,wjt,1.3,UPPER,w / results.w,17.30532606542527,17.30532606542527,results.w == HouseholdInputs.wages[0] == standalone HouseholdInputs.wages[0],wage_mapping_receipt.json,UNOBSERVED_OR_INTERPOLATION_NOT_AUTHORIZED,0.09,1.3,0.26,16.00532606542527,UPPER_A_BOUNDARY_PILEUP,MIN_ABSOLUTE_WAGE_DISTANCE_THEN_MIN_ABSOLUTE_RA_DISTANCE,ABOVE_HIGHEST_OBSERVED_RA_AT_CLOSEST_WAGE_SLICE,DESCRIPTIVE_ONLY__NOT_ADMISSIBILITY_CLASSIFICATION,false,100,true,docs/evidence/ch5_mp4c_k1_hjb_convergence_mechanism_turn1_turn2/province_metrics.csv,d07805266f228268b231cab51a4b9fed34d6bee918c3c60d618bbf48286bbd1c
2,12,福建,0.5374007585319589,0.35,UPPER,-0.1874007585319589,,UNAVAILABLE_IN_ACCEPTED_COMPACT_PROVINCIAL_INPUT_EVIDENCE,wjt,1.3,UPPER,w / results.w,16.66198966859062,16.66198966859062,results.w == HouseholdInputs.wages[0] == standalone HouseholdInputs.wages[0],wage_mapping_receipt.json,UNOBSERVED_OR_INTERPOLATION_NOT_AUTHORIZED,0.09,1.3,0.26,15.36198966859062,UPPER_A_BOUNDARY_PILEUP,MIN_ABSOLUTE_WAGE_DISTANCE_THEN_MIN_ABSOLUTE_RA_DISTANCE,ABOVE_HIGHEST_OBSERVED_RA_AT_CLOSEST_WAGE_SLICE,DESCRIPTIVE_ONLY__NOT_ADMISSIBILITY_CLASSIFICATION,false,100,true,docs/evidence/ch5_mp4c_k1_hjb_convergence_mechanism_turn1_turn2/province_metrics.csv,d07805266f228268b231cab51a4b9fed34d6bee918c3c60d618bbf48286bbd1c
2,13,江西,0.5413318073667525,0.35,UPPER,-0.1913318073667525,,UNAVAILABLE_IN_ACCEPTED_COMPACT_PROVINCIAL_INPUT_EVIDENCE,wjt,1.3,UPPER,w / results.w,17.069422740212204,17.069422740212204,results.w == HouseholdInputs.wages[0] == standalone HouseholdInputs.wages[0],wage_mapping_receipt.json,UNOBSERVED_OR_INTERPOLATION_NOT_AUTHORIZED,0.09,1.3,0.26,15.769422740212204,UPPER_A_BOUNDARY_PILEUP,MIN_ABSOLUTE_WAGE_DISTANCE_THEN_MIN_ABSOLUTE_RA_DISTANCE,ABOVE_HIGHEST_OBSERVED_RA_AT_CLOSEST_WAGE_SLICE,DESCRIPTIVE_ONLY__NOT_ADMISSIBILITY_CLASSIFICATION,false,100,true,docs/evidence/ch5_mp4c_k1_hjb_convergence_mechanism_turn1_turn2/province_metrics.csv,d07805266f228268b231cab51a4b9fed34d6bee918c3c60d618bbf48286bbd1c
2,14,山东,0.2783443332018329,0.2783443332018329,UNSATURATED,0,,UNAVAILABLE_IN_ACCEPTED_COMPACT_PROVINCIAL_INPUT_EVIDENCE,wjt,1.3,UPPER,w / results.w,17.316742296355574,17.316742296355574,results.w == HouseholdInputs.wages[0] == standalone HouseholdInputs.wages[0],wage_mapping_receipt.json,UNOBSERVED_OR_INTERPOLATION_NOT_AUTHORIZED,0.09,1.3,0.1883443332018329,16.016742296355574,UPPER_A_BOUNDARY_PILEUP,MIN_ABSOLUTE_WAGE_DISTANCE_THEN_MIN_ABSOLUTE_RA_DISTANCE,ABOVE_HIGHEST_OBSERVED_RA_AT_CLOSEST_WAGE_SLICE,DESCRIPTIVE_ONLY__NOT_ADMISSIBILITY_CLASSIFICATION,false,100,true,docs/evidence/ch5_mp4c_k1_hjb_convergence_mechanism_turn1_turn2/province_metrics.csv,d07805266f228268b231cab51a4b9fed34d6bee918c3c60d618bbf48286bbd1c
2,15,河南,0.25304592118083025,0.25304592118083025,UNSATURATED,0,,UNAVAILABLE_IN_ACCEPTED_COMPACT_PROVINCIAL_INPUT_EVIDENCE,wjt,1.3,UPPER,w / results.w,17.433368343285245,17.433368343285245,results.w == HouseholdInputs.wages[0] == standalone HouseholdInputs.wages[0],wage_mapping_receipt.json,UNOBSERVED_OR_INTERPOLATION_NOT_AUTHORIZED,0.09,1.3,0.16304592118083025,16.133368343285245,UPPER_A_BOUNDARY_PILEUP,MIN_ABSOLUTE_WAGE_DISTANCE_THEN_MIN_ABSOLUTE_RA_DISTANCE,ABOVE_HIGHEST_OBSERVED_RA_AT_CLOSEST_WAGE_SLICE,DESCRIPTIVE_ONLY__NOT_ADMISSIBILITY_CLASSIFICATION,false,100,true,docs/evidence/ch5_mp4c_k1_hjb_convergence_mechanism_turn1_turn2/province_metrics.csv,d07805266f228268b231cab51a4b9fed34d6bee918c3c60d618bbf48286bbd1c
2,16,湖北,0.45052857784049805,0.35,UPPER,-0.10052857784049805,,UNAVAILABLE_IN_ACCEPTED_COMPACT_PROVINCIAL_INPUT_EVIDENCE,wjt,1.3,UPPER,w / results.w,17.480975827270356,17.480975827270356,results.w == HouseholdInputs.wages[0] == standalone HouseholdInputs.wages[0],wage_mapping_receipt.json,UNOBSERVED_OR_INTERPOLATION_NOT_AUTHORIZED,0.09,1.3,0.26,16.180975827270356,UPPER_A_BOUNDARY_PILEUP,MIN_ABSOLUTE_WAGE_DISTANCE_THEN_MIN_ABSOLUTE_RA_DISTANCE,ABOVE_HIGHEST_OBSERVED_RA_AT_CLOSEST_WAGE_SLICE,DESCRIPTIVE_ONLY__NOT_ADMISSIBILITY_CLASSIFICATION,false,100,true,docs/evidence/ch5_mp4c_k1_hjb_convergence_mechanism_turn1_turn2/province_metrics.csv,d07805266f228268b231cab51a4b9fed34d6bee918c3c60d618bbf48286bbd1c
2,17,湖南,0.40256238500533503,0.35,UPPER,-0.05256238500533503,,UNAVAILABLE_IN_ACCEPTED_COMPACT_PROVINCIAL_INPUT_EVIDENCE,wjt,1.3,UPPER,w / results.w,17.11706890530236,17.11706890530236,results.w == HouseholdInputs.wages[0] == standalone HouseholdInputs.wages[0],wage_mapping_receipt.json,UNOBSERVED_OR_INTERPOLATION_NOT_AUTHORIZED,0.09,1.3,0.26,15.81706890530236,UPPER_A_BOUNDARY_PILEUP,MIN_ABSOLUTE_WAGE_DISTANCE_THEN_MIN_ABSOLUTE_RA_DISTANCE,ABOVE_HIGHEST_OBSERVED_RA_AT_CLOSEST_WAGE_SLICE,DESCRIPTIVE_ONLY__NOT_ADMISSIBILITY_CLASSIFICATION,false,100,true,docs/evidence/ch5_mp4c_k1_hjb_convergence_mechanism_turn1_turn2/province_metrics.csv,d07805266f228268b231cab51a4b9fed34d6bee918c3c60d618bbf48286bbd1c
2,18,广东,0.4799881090546145,0.35,UPPER,-0.1299881090546145,,UNAVAILABLE_IN_ACCEPTED_COMPACT_PROVINCIAL_INPUT_EVIDENCE,wjt,1.3,UPPER,w / results.w,16.278919285062173,16.278919285062173,results.w == HouseholdInputs.wages[0] == standalone HouseholdInputs.wages[0],wage_mapping_receipt.json,UNOBSERVED_OR_INTERPOLATION_NOT_AUTHORIZED,0.09,1.3,0.26,14.978919285062173,UPPER_A_BOUNDARY_PILEUP,MIN_ABSOLUTE_WAGE_DISTANCE_THEN_MIN_ABSOLUTE_RA_DISTANCE,ABOVE_HIGHEST_OBSERVED_RA_AT_CLOSEST_WAGE_SLICE,DESCRIPTIVE_ONLY__NOT_ADMISSIBILITY_CLASSIFICATION,false,100,true,docs/evidence/ch5_mp4c_k1_hjb_convergence_mechanism_turn1_turn2/province_metrics.csv,d07805266f228268b231cab51a4b9fed34d6bee918c3c60d618bbf48286bbd1c
2,19,广西,0.3059096356629964,0.3059096356629964,UNSATURATED,0,,UNAVAILABLE_IN_ACCEPTED_COMPACT_PROVINCIAL_INPUT_EVIDENCE,wjt,1.3,UPPER,w / results.w,15.788196281266416,15.788196281266416,results.w == HouseholdInputs.wages[0] == standalone HouseholdInputs.wages[0],wage_mapping_receipt.json,UNOBSERVED_OR_INTERPOLATION_NOT_AUTHORIZED,0.09,1.3,0.2159096356629964,14.488196281266416,UPPER_A_BOUNDARY_PILEUP,MIN_ABSOLUTE_WAGE_DISTANCE_THEN_MIN_ABSOLUTE_RA_DISTANCE,ABOVE_HIGHEST_OBSERVED_RA_AT_CLOSEST_WAGE_SLICE,DESCRIPTIVE_ONLY__NOT_ADMISSIBILITY_CLASSIFICATION,false,100,true,docs/evidence/ch5_mp4c_k1_hjb_convergence_mechanism_turn1_turn2/province_metrics.csv,d07805266f228268b231cab51a4b9fed34d6bee918c3c60d618bbf48286bbd1c
2,20,海南,0.5984489815056437,0.35,UPPER,-0.2484489815056437,,UNAVAILABLE_IN_ACCEPTED_COMPACT_PROVINCIAL_INPUT_EVIDENCE,wjt,0.8,LOWER,w / results.w,15.242549102184526,15.242549102184526,results.w == HouseholdInputs.wages[0] == standalone HouseholdInputs.wages[0],wage_mapping_receipt.json,UNOBSERVED_OR_INTERPOLATION_NOT_AUTHORIZED,0.09,1.3,0.26,13.942549102184526,UPPER_A_BOUNDARY_PILEUP,MIN_ABSOLUTE_WAGE_DISTANCE_THEN_MIN_ABSOLUTE_RA_DISTANCE,ABOVE_HIGHEST_OBSERVED_RA_AT_CLOSEST_WAGE_SLICE,DESCRIPTIVE_ONLY__NOT_ADMISSIBILITY_CLASSIFICATION,false,100,true,docs/evidence/ch5_mp4c_k1_hjb_convergence_mechanism_turn1_turn2/province_metrics.csv,d07805266f228268b231cab51a4b9fed34d6bee918c3c60d618bbf48286bbd1c
2,21,重庆,0.5635985431144864,0.35,UPPER,-0.2135985431144864,,UNAVAILABLE_IN_ACCEPTED_COMPACT_PROVINCIAL_INPUT_EVIDENCE,wjt,1.3,UPPER,w / results.w,16.946641872381356,16.946641872381356,results.w == HouseholdInputs.wages[0] == standalone HouseholdInputs.wages[0],wage_mapping_receipt.json,UNOBSERVED_OR_INTERPOLATION_NOT_AUTHORIZED,0.09,1.3,0.26,15.646641872381356,UPPER_A_BOUNDARY_PILEUP,MIN_ABSOLUTE_WAGE_DISTANCE_THEN_MIN_ABSOLUTE_RA_DISTANCE,ABOVE_HIGHEST_OBSERVED_RA_AT_CLOSEST_WAGE_SLICE,DESCRIPTIVE_ONLY__NOT_ADMISSIBILITY_CLASSIFICATION,true,77,true,docs/evidence/ch5_mp4c_k1_hjb_convergence_mechanism_turn1_turn2/province_metrics.csv,d07805266f228268b231cab51a4b9fed34d6bee918c3c60d618bbf48286bbd1c
2,22,四川,0.4551703013356036,0.35,UPPER,-0.1051703013356036,,UNAVAILABLE_IN_ACCEPTED_COMPACT_PROVINCIAL_INPUT_EVIDENCE,wjt,1.3,UPPER,w / results.w,16.575227365792482,16.575227365792482,results.w == HouseholdInputs.wages[0] == standalone HouseholdInputs.wages[0],wage_mapping_receipt.json,UNOBSERVED_OR_INTERPOLATION_NOT_AUTHORIZED,0.09,1.3,0.26,15.275227365792482,UPPER_A_BOUNDARY_PILEUP,MIN_ABSOLUTE_WAGE_DISTANCE_THEN_MIN_ABSOLUTE_RA_DISTANCE,ABOVE_HIGHEST_OBSERVED_RA_AT_CLOSEST_WAGE_SLICE,DESCRIPTIVE_ONLY__NOT_ADMISSIBILITY_CLASSIFICATION,false,100,true,docs/evidence/ch5_mp4c_k1_hjb_convergence_mechanism_turn1_turn2/province_metrics.csv,d07805266f228268b231cab51a4b9fed34d6bee918c3c60d618bbf48286bbd1c
2,23,贵州,0.4820443031272923,0.35,UPPER,-0.1320443031272923,,UNAVAILABLE_IN_ACCEPTED_COMPACT_PROVINCIAL_INPUT_EVIDENCE,wjt,1.3,UPPER,w / results.w,16.391932533389387,16.391932533389387,results.w == HouseholdInputs.wages[0] == standalone HouseholdInputs.wages[0],wage_mapping_receipt.json,UNOBSERVED_OR_INTERPOLATION_NOT_AUTHORIZED,0.09,1.3,0.26,15.091932533389387,UPPER_A_BOUNDARY_PILEUP,MIN_ABSOLUTE_WAGE_DISTANCE_THEN_MIN_ABSOLUTE_RA_DISTANCE,ABOVE_HIGHEST_OBSERVED_RA_AT_CLOSEST_WAGE_SLICE,DESCRIPTIVE_ONLY__NOT_ADMISSIBILITY_CLASSIFICATION,true,82,true,docs/evidence/ch5_mp4c_k1_hjb_convergence_mechanism_turn1_turn2/province_metrics.csv,d07805266f228268b231cab51a4b9fed34d6bee918c3c60d618bbf48286bbd1c
2,24,云南,0.32878188271884484,0.32878188271884484,UNSATURATED,0,,UNAVAILABLE_IN_ACCEPTED_COMPACT_PROVINCIAL_INPUT_EVIDENCE,wjt,1.3,UPPER,w / results.w,15.607515551136087,15.607515551136087,results.w == HouseholdInputs.wages[0] == standalone HouseholdInputs.wages[0],wage_mapping_receipt.json,UNOBSERVED_OR_INTERPOLATION_NOT_AUTHORIZED,0.09,1.3,0.23878188271884484,14.307515551136087,UPPER_A_BOUNDARY_PILEUP,MIN_ABSOLUTE_WAGE_DISTANCE_THEN_MIN_ABSOLUTE_RA_DISTANCE,ABOVE_HIGHEST_OBSERVED_RA_AT_CLOSEST_WAGE_SLICE,DESCRIPTIVE_ONLY__NOT_ADMISSIBILITY_CLASSIFICATION,false,100,true,docs/evidence/ch5_mp4c_k1_hjb_convergence_mechanism_turn1_turn2/province_metrics.csv,d07805266f228268b231cab51a4b9fed34d6bee918c3c60d618bbf48286bbd1c
2,25,西藏,0.5518193076948069,0.35,UPPER,-0.2018193076948069,,UNAVAILABLE_IN_ACCEPTED_COMPACT_PROVINCIAL_INPUT_EVIDENCE,wjt,0.8,LOWER,w / results.w,13.752064164778764,13.752064164778764,results.w == HouseholdInputs.wages[0] == standalone HouseholdInputs.wages[0],wage_mapping_receipt.json,UNOBSERVED_OR_INTERPOLATION_NOT_AUTHORIZED,0.09,1.3,0.26,12.452064164778764,UPPER_A_BOUNDARY_PILEUP,MIN_ABSOLUTE_WAGE_DISTANCE_THEN_MIN_ABSOLUTE_RA_DISTANCE,ABOVE_HIGHEST_OBSERVED_RA_AT_CLOSEST_WAGE_SLICE,DESCRIPTIVE_ONLY__NOT_ADMISSIBILITY_CLASSIFICATION,false,100,true,docs/evidence/ch5_mp4c_k1_hjb_convergence_mechanism_turn1_turn2/province_metrics.csv,d07805266f228268b231cab51a4b9fed34d6bee918c3c60d618bbf48286bbd1c
2,26,陕西,0.37949824623988127,0.35,UPPER,-0.02949824623988127,,UNAVAILABLE_IN_ACCEPTED_COMPACT_PROVINCIAL_INPUT_EVIDENCE,wjt,1.3,UPPER,w / results.w,17.30671281356891,17.30671281356891,results.w == HouseholdInputs.wages[0] == standalone HouseholdInputs.wages[0],wage_mapping_receipt.json,UNOBSERVED_OR_INTERPOLATION_NOT_AUTHORIZED,0.09,1.3,0.26,16.00671281356891,UPPER_A_BOUNDARY_PILEUP,MIN_ABSOLUTE_WAGE_DISTANCE_THEN_MIN_ABSOLUTE_RA_DISTANCE,ABOVE_HIGHEST_OBSERVED_RA_AT_CLOSEST_WAGE_SLICE,DESCRIPTIVE_ONLY__NOT_ADMISSIBILITY_CLASSIFICATION,false,100,true,docs/evidence/ch5_mp4c_k1_hjb_convergence_mechanism_turn1_turn2/province_metrics.csv,d07805266f228268b231cab51a4b9fed34d6bee918c3c60d618bbf48286bbd1c
2,27,甘肃,0.4327975242704717,0.35,UPPER,-0.0827975242704717,,UNAVAILABLE_IN_ACCEPTED_COMPACT_PROVINCIAL_INPUT_EVIDENCE,wjt,0.8537294612571722,UNSATURATED,w / results.w,16.33123150442902,16.33123150442902,results.w == HouseholdInputs.wages[0] == standalone HouseholdInputs.wages[0],wage_mapping_receipt.json,UNOBSERVED_OR_INTERPOLATION_NOT_AUTHORIZED,0.09,1.3,0.26,15.03123150442902,UPPER_A_BOUNDARY_PILEUP,MIN_ABSOLUTE_WAGE_DISTANCE_THEN_MIN_ABSOLUTE_RA_DISTANCE,ABOVE_HIGHEST_OBSERVED_RA_AT_CLOSEST_WAGE_SLICE,DESCRIPTIVE_ONLY__NOT_ADMISSIBILITY_CLASSIFICATION,false,100,true,docs/evidence/ch5_mp4c_k1_hjb_convergence_mechanism_turn1_turn2/province_metrics.csv,d07805266f228268b231cab51a4b9fed34d6bee918c3c60d618bbf48286bbd1c
2,28,青海,0.29449073815753724,0.29449073815753724,UNSATURATED,0,,UNAVAILABLE_IN_ACCEPTED_COMPACT_PROVINCIAL_INPUT_EVIDENCE,wjt,0.8,LOWER,w / results.w,15.168154516263451,15.168154516263451,results.w == HouseholdInputs.wages[0] == standalone HouseholdInputs.wages[0],wage_mapping_receipt.json,UNOBSERVED_OR_INTERPOLATION_NOT_AUTHORIZED,0.09,1.3,0.20449073815753724,13.868154516263451,UPPER_A_BOUNDARY_PILEUP,MIN_ABSOLUTE_WAGE_DISTANCE_THEN_MIN_ABSOLUTE_RA_DISTANCE,ABOVE_HIGHEST_OBSERVED_RA_AT_CLOSEST_WAGE_SLICE,DESCRIPTIVE_ONLY__NOT_ADMISSIBILITY_CLASSIFICATION,false,100,true,docs/evidence/ch5_mp4c_k1_hjb_convergence_mechanism_turn1_turn2/province_metrics.csv,d07805266f228268b231cab51a4b9fed34d6bee918c3c60d618bbf48286bbd1c
2,29,宁夏,0.3380434765646002,0.3380434765646002,UNSATURATED,0,,UNAVAILABLE_IN_ACCEPTED_COMPACT_PROVINCIAL_INPUT_EVIDENCE,wjt,0.8,LOWER,w / results.w,16.71843441063156,16.71843441063156,results.w == HouseholdInputs.wages[0] == standalone HouseholdInputs.wages[0],wage_mapping_receipt.json,UNOBSERVED_OR_INTERPOLATION_NOT_AUTHORIZED,0.09,1.3,0.2480434765646002,15.41843441063156,UPPER_A_BOUNDARY_PILEUP,MIN_ABSOLUTE_WAGE_DISTANCE_THEN_MIN_ABSOLUTE_RA_DISTANCE,ABOVE_HIGHEST_OBSERVED_RA_AT_CLOSEST_WAGE_SLICE,DESCRIPTIVE_ONLY__NOT_ADMISSIBILITY_CLASSIFICATION,false,100,true,docs/evidence/ch5_mp4c_k1_hjb_convergence_mechanism_turn1_turn2/province_metrics.csv,d07805266f228268b231cab51a4b9fed34d6bee918c3c60d618bbf48286bbd1c
2,30,新疆,0.32597778713285963,0.32597778713285963,UNSATURATED,0,,UNAVAILABLE_IN_ACCEPTED_COMPACT_PROVINCIAL_INPUT_EVIDENCE,wjt,1.3,UPPER,w / results.w,12.842642802904619,12.842642802904619,results.w == HouseholdInputs.wages[0] == standalone HouseholdInputs.wages[0],wage_mapping_receipt.json,UNOBSERVED_OR_INTERPOLATION_NOT_AUTHORIZED,0.09,1.3,0.23597778713285963,11.542642802904619,UPPER_A_BOUNDARY_PILEUP,MIN_ABSOLUTE_WAGE_DISTANCE_THEN_MIN_ABSOLUTE_RA_DISTANCE,ABOVE_HIGHEST_OBSERVED_RA_AT_CLOSEST_WAGE_SLICE,DESCRIPTIVE_ONLY__NOT_ADMISSIBILITY_CLASSIFICATION,false,100,true,docs/evidence/ch5_mp4c_k1_hjb_convergence_mechanism_turn1_turn2/province_metrics.csv,d07805266f228268b231cab51a4b9fed34d6bee918c3c60d618bbf48286bbd1c
