province_index,province_name,source_province_name,legacy_matlab_level_year,corrected_year,legacy_matlab_gdp_100m_yuan,corrected_raw_nbs_gdp_2018_100m_yuan,gdp_relative_difference_vs_legacy,legacy_matlab_population_10k_persons,corrected_raw_nbs_population_2018_10k_persons,population_relative_difference_vs_legacy,raw_nbs_investment_2018_100m_yuan,raw_nbs_depreciation_2018_100m_yuan,legacy_matlab_capital_100m_yuan,corrected_track_a_capital_2018_100m_yuan,capital_relative_difference_vs_legacy,corrected_track_b_capital_2018_100m_yuan,track_a_to_track_b_ratio,legacy_alpha,new_alpha,legacy_matlab_zt,corrected_track_a_zt_2018,zt_relative_difference_vs_legacy,corrected_track_b_zt_2018,track_a_k_to_y,track_a_k_to_n_model_units,y_to_n_model_units,canonical_2018_gdp_100m_yuan,raw_gdp_relative_difference_vs_canonical,canonical_2018_population_10k_persons,raw_population_relative_difference_vs_canonical,canonical_2018_pim_capital_100m_yuan,track_a_capital_relative_difference_vs_canonical,data_quality_provenance_flag
1,北京,北京市,2009,2018,11865.9,33106.0,1.790011714239965,1860.0,2192.0,0.17849462365591398,,,22559.982999422267,58719.04306699477,1.6027964235832308,68799.8,0.853476944220692,0.772866243094144,0.7380939146868483,0.0016341152925786636,0.0027204699271949568,0.6647968105738769,0.002420232068043634,1.7736677057631476,2678788.4610855277,151.0310218978102,30319.98,0.0918872637778785,2192.0,0.0,53731.798306537494,0.09281738035278973,RAW_2018_INVESTMENT_UNAVAILABLE;RAW_2018_DEPRECIATION_UNAVAILABLE;RAW_GDP_DIFFERS_FROM_CANONICAL;TRACK_A_RAW_GFCF_DIFFERS_FROM_CANONICAL_INVESTMENT_ROUTE
2,天津,天津市,2009,2018,5709.57,13362.9,1.3404389472412108,1228.0,1383.0,0.1262214983713355,,,13015.125620434272,64593.598723097224,3.962963908829483,86263.6,0.7487932189602244,0.772866243094144,0.7380939146868483,0.0006331796953290661,0.0011546732867269843,0.8236107304844887,0.0009326665552672559,4.8338009506242825,4670542.207020769,96.62255965292842,13362.92,-1.4966788696210527e-06,1383.0,0.0,67905.1452789948,-0.048767240572003254,RAW_2018_INVESTMENT_UNAVAILABLE;RAW_2018_DEPRECIATION_UNAVAILABLE;RAW_GDP_DIFFERS_FROM_CANONICAL;TRACK_A_RAW_GFCF_DIFFERS_FROM_CANONICAL_INVESTMENT_ROUTE
3,河北,河北省,2009,2018,15306.9,32494.6,1.12287269140061,7034.0,7426.0,0.05572931475689508,,,35684.41289231887,113705.22918254792,2.186411656138615,148129.39999999997,0.76760743770344,0.772866243094144,0.7380939146868483,0.00020325561576148244,0.0011910406162748326,4.859816526164284,0.000979824952763295,3.4992038425630083,1531177.3388438988,43.75787772690547,32494.6,0.0,7556.0,-0.017204870301746954,169256.67396659174,-0.3282082973874855,RAW_2018_INVESTMENT_UNAVAILABLE;RAW_2018_DEPRECIATION_UNAVAILABLE;RAW_POP_DIFFERS_FROM_CANONICAL;TRACK_A_RAW_GFCF_DIFFERS_FROM_CANONICAL_INVESTMENT_ROUTE
4,山西,山西省,2009,2018,7147.61,15958.1,1.2326483957574632,3427.0,3502.0,0.021885030639042895,,,14498.682754546153,53478.72738884524,2.688523177878118,68555.49999999999,0.7800793136778997,0.772866243094144,0.7380939146868483,0.0006904139506587265,0.0012427734657004415,0.8000410688612343,0.001034618520174034,3.3511964073946925,1527091.0162434392,45.56853226727584,15958.13,-1.8799195143062406e-06,3502.0,0.0,66351.10998379442,-0.19400402793703267,RAW_2018_INVESTMENT_UNAVAILABLE;RAW_2018_DEPRECIATION_UNAVAILABLE;RAW_GDP_DIFFERS_FROM_CANONICAL;TRACK_A_RAW_GFCF_DIFFERS_FROM_CANONICAL_INVESTMENT_ROUTE
5,内蒙古,内蒙古自治区,2009,2018,7104.22,16140.8,1.272001711658704,2458.0,2422.0,-0.014646053702196907,,,15902.596764207525,82165.50299427319,4.166797864057377,112773.3,0.7285900385487806,0.772866243094144,0.7380939146868483,0.0006509396292199082,0.0010083638229244918,0.549089620081856,0.0007982096324942606,5.090547122464388,3392465.0286652846,66.64244426094137,16140.76,2.4781980525733684e-06,2422.0,0.0,89280.23296694607,-0.07968986791630511,RAW_2018_INVESTMENT_UNAVAILABLE;RAW_2018_DEPRECIATION_UNAVAILABLE;RAW_GDP_DIFFERS_FROM_CANONICAL;TRACK_A_RAW_GFCF_DIFFERS_FROM_CANONICAL_INVESTMENT_ROUTE
6,辽宁,辽宁省,2009,2018,12815.7,23510.5,0.8345076741808874,4341.0,4291.0,-0.01151808339092375,,,31964.205287146844,90061.05278222082,1.8175595786964662,126185.70000000001,0.7137183752376126,0.772866243094144,0.7380939146868483,0.0002864698302222306,0.00118165170961361,3.1248731452695626,0.0009212522631170993,3.8306736471883127,2098836.000517847,54.79025868096015,23510.5,0.0,4291.0,0.0,110526.47546941695,-0.1851630806128345,RAW_2018_INVESTMENT_UNAVAILABLE;RAW_2018_DEPRECIATION_UNAVAILABLE;TRACK_A_RAW_GFCF_DIFFERS_FROM_CANONICAL_INVESTMENT_ROUTE
7,吉林,吉林省,2009,2018,5434.84,11253.8,1.0706773336473565,2740.0,2484.0,-0.09343065693430656,,,16943.247903448653,66308.9177271201,2.9135895375539826,89982.59999999999,0.7369082214463698,0.772866243094144,0.7380939146868483,0.00047331941528535383,0.0008181743292076612,0.7285881431979754,0.0006531072244518402,5.892135787655735,2669441.132331727,45.30515297906602,11253.81,-8.88587953787942e-07,2484.0,0.0,74071.29659196627,-0.1047960441087792,RAW_2018_INVESTMENT_UNAVAILABLE;RAW_2018_DEPRECIATION_UNAVAILABLE;RAW_GDP_DIFFERS_FROM_CANONICAL;TRACK_A_RAW_GFCF_DIFFERS_FROM_CANONICAL_INVESTMENT_ROUTE
8,黑龙江,黑龙江省,2009,2018,7218.9,12846.5,0.7795647536328251,3826.0,3327.0,-0.13042341871406168,,,15833.49120515163,58424.87989838116,2.6899556226343737,78088.49999999999,0.7481880161404197,0.772866243094144,0.7380939146868483,0.0005703841154289705,0.0009498856692930893,0.6653438333897254,0.0007667952875899424,4.547921994191504,1756082.9545651083,38.61286444244064,12846.5,0.0,3327.0,0.0,65491.12640623205,-0.10789624328676191,RAW_2018_INVESTMENT_UNAVAILABLE;RAW_2018_DEPRECIATION_UNAVAILABLE;TRACK_A_RAW_GFCF_DIFFERS_FROM_CANONICAL_INVESTMENT_ROUTE
9,上海,上海市,2009,2018,15742.44,36011.8,1.2875615215938572,2210.28,2475.0,0.11976763125033922,,,28775.375533163773,66125.29430800852,1.2979819753107573,83438.29999999999,0.7925052920302611,0.772866243094144,0.7380939146868483,0.0015030642394494576,0.0026259911250704495,0.7470917450822312,0.0022118077271202573,1.836211861334577,2671729.062949839,145.50222222222223,36011.82,-5.553732079300235e-07,2475.39,-0.00015755093136833901,49277.38369834863,0.3418994545813213,RAW_2018_INVESTMENT_UNAVAILABLE;RAW_2018_DEPRECIATION_UNAVAILABLE;RAW_GDP_DIFFERS_FROM_CANONICAL;RAW_POP_DIFFERS_FROM_CANONICAL;TRACK_A_RAW_GFCF_DIFFERS_FROM_CANONICAL_INVESTMENT_ROUTE
10,江苏,江苏省,2009,2018,34061.2,93207.6,1.7364743461768821,7810.0,8446.0,0.08143405889884762,,,63173.647715529645,203535.21725929243,2.2218373423014866,251827.40000000005,0.8082330090343323,0.772866243094144,0.7380939146868483,0.0001820044285805966,0.0021492819022821924,10.808953875704352,0.0018367358244301718,2.1836761944229055,2409841.5493641063,110.35709211461047,92595.4,0.006611559537514949,8446.0,0.0,269038.6204893733,-0.24347211976827748,RAW_2018_INVESTMENT_UNAVAILABLE;RAW_2018_DEPRECIATION_UNAVAILABLE;RAW_GDP_DIFFERS_FROM_CANONICAL;TRACK_A_RAW_GFCF_DIFFERS_FROM_CANONICAL_INVESTMENT_ROUTE
11,浙江,浙江省,2009,2018,22833.74,58002.8,1.5402233712041915,5276.0,6273.0,0.18896891584533737,,,48634.67225908805,124249.65620818298,1.5547546726803578,156074.1,0.7960940105256604,0.772866243094144,0.7380939146868483,0.0004481765543902068,0.0020812737912261803,3.6438703025373136,0.0017588613657603975,2.142132038594395,1980705.5030795948,92.46421170094054,58002.84,-6.896214046346207e-07,6273.0,0.0,159161.7942417398,-0.21934999036597433,RAW_2018_INVESTMENT_UNAVAILABLE;RAW_2018_DEPRECIATION_UNAVAILABLE;RAW_GDP_DIFFERS_FROM_CANONICAL;TRACK_A_RAW_GFCF_DIFFERS_FROM_CANONICAL_INVESTMENT_ROUTE
12,安徽,安徽省,2009,2018,10864.68,34010.9,2.130409731349658,6131.0,6076.0,-0.008970804110259337,,,22812.175548548825,70182.43335888097,2.076533985525355,84616.79999999999,0.8294148840287151,0.772866243094144,0.7380939146868483,0.000641551386937363,0.0018759632501672073,1.924104426182722,0.0016340686739896946,2.0635276737422696,1155076.256729443,55.975806451612904,34010.9,0.0,6076.0,0.0,135731.41082013684,-0.4829315267938787,RAW_2018_INVESTMENT_UNAVAILABLE;RAW_2018_DEPRECIATION_UNAVAILABLE;TRACK_A_RAW_GFCF_DIFFERS_FROM_CANONICAL_INVESTMENT_ROUTE
13,福建,福建省,2009,2018,12418.09,38687.8,2.1154388476810846,3666.0,4104.0,0.11947626841243862,,,19997.38916017104,87795.53811850408,3.3903500309614,111894.40000000001,0.7846285258109795,0.772866243094144,0.7380939146868483,0.0007909691648437431,0.002004640676664468,1.534410651849478,0.001676056855233626,2.2693339533006287,2139267.4980142317,94.26851851851852,35804.04,0.08054286611231587,3941.0,0.041360060898249174,114101.63906115339,-0.23054972004872265,RAW_2018_INVESTMENT_UNAVAILABLE;RAW_2018_DEPRECIATION_UNAVAILABLE;RAW_GDP_DIFFERS_FROM_CANONICAL;RAW_POP_DIFFERS_FROM_CANONICAL;TRACK_A_RAW_GFCF_DIFFERS_FROM_CANONICAL_INVESTMENT_ROUTE
14,江西,江西省,2009,2018,7589.2,22716.5,1.9932667474832657,4432.0,4513.0,0.018276173285198555,,,18122.769974104183,51050.04792908307,1.816900948476917,60069.100000000006,0.8498553820364059,0.772866243094144,0.7380939146868483,0.0005972473033647159,0.0017131753799332005,1.8684522647179376,0.0015193289754764808,2.247267313586295,1131177.6629533141,50.33569687569244,22717.0,-2.200994849672052e-05,4513.0,0.0,100509.78571793012,-0.49208877957068253,RAW_2018_INVESTMENT_UNAVAILABLE;RAW_2018_DEPRECIATION_UNAVAILABLE;RAW_GDP_DIFFERS_FROM_CANONICAL;TRACK_A_RAW_GFCF_DIFFERS_FROM_CANONICAL_INVESTMENT_ROUTE
15,山东,山东省,2009,2018,29540.8,66648.9,1.2561643557385038,9470.0,10077.0,0.06409714889123548,,,66656.60424205677,210016.97307581102,2.150730155907065,270978.1,0.7750330121726111,0.772866243094144,0.7380939146868483,0.00033054728607754435,0.001433847664408842,3.337798931655637,0.001187984918964967,3.151094362784848,2084121.9914241445,66.13962488835962,66648.87,4.5012015955913206e-07,10077.0,0.0,279179.61280485976,-0.24773528064669914,RAW_2018_INVESTMENT_UNAVAILABLE;RAW_2018_DEPRECIATION_UNAVAILABLE;RAW_GDP_DIFFERS_FROM_CANONICAL;TRACK_A_RAW_GFCF_DIFFERS_FROM_CANONICAL_INVESTMENT_ROUTE
16,河南,河南省,2009,2018,19181.0,49935.9,1.6034044106146708,9487.0,9864.0,0.03973858964899336,,,37325.93745199879,168320.55601470312,3.509479667621573,212642.19999999995,0.7915670361513526,0.772866243094144,0.7380939146868483,0.0006181110089804474,0.0012720274190573914,1.0579271369968906,0.001070461031494272,3.370732399229875,1706412.773871686,50.624391727493915,49935.9,0.0,9864.0,0.0,200793.49735219032,-0.16172307253820026,RAW_2018_INVESTMENT_UNAVAILABLE;RAW_2018_DEPRECIATION_UNAVAILABLE;TRACK_A_RAW_GFCF_DIFFERS_FROM_CANONICAL_INVESTMENT_ROUTE
17,湖北,湖北省,2009,2018,13192.14,42022.0,2.185381598436645,5720.0,5917.0,0.03444055944055944,,,25678.616932107012,101805.15366230691,2.9645886665732304,121768.09999999999,0.8360576675032864,0.772866243094144,0.7380939146868483,0.0006926198455034483,0.0017736437823721674,1.5607752851536465,0.0015540659263793884,2.422663215989408,1720553.5518388865,71.01909751563292,42021.95,1.189854349998284e-06,5917.0,0.0,150202.5322195634,-0.32221413209272703,RAW_2018_INVESTMENT_UNAVAILABLE;RAW_2018_DEPRECIATION_UNAVAILABLE;RAW_GDP_DIFFERS_FROM_CANONICAL;TRACK_A_RAW_GFCF_DIFFERS_FROM_CANONICAL_INVESTMENT_ROUTE
18,湖南,湖南省,2009,2018,13059.69,36329.7,1.7818194765725675,6406.0,6635.0,0.03574773649703403,,,17328.38772155945,93791.80714892803,4.412610143310397,116936.9,0.8020719477677964,0.772866243094144,0.7380939146868483,0.0006933324069686307,0.0015808992154667896,1.2801461457409073,0.001343397772000952,2.5816840532382055,1413591.6676552831,54.75463451394122,36425.78,-0.0026376923157171036,6635.0,0.0,133235.1833795125,-0.2960432464616525,RAW_2018_INVESTMENT_UNAVAILABLE;RAW_2018_DEPRECIATION_UNAVAILABLE;RAW_GDP_DIFFERS_FROM_CANONICAL;TRACK_A_RAW_GFCF_DIFFERS_FROM_CANONICAL_INVESTMENT_ROUTE
19,广东,广东省,2009,2018,39923.24,99945.2,1.503434090018746,10130.0,12348.0,0.21895360315893386,,,56533.135563321164,191259.40686816652,2.3831381359334345,210598.09999999998,0.9081725184992958,0.772866243094144,0.7380939146868483,0.0009725027967433352,0.0021844628463300233,1.2462278295190865,0.002034552873224963,1.9136427449058737,1548910.0005520452,80.94039520570132,97277.77,0.02742075604734764,11346.0,0.08831306187202538,183809.70094075685,0.040529449149208724,RAW_2018_INVESTMENT_UNAVAILABLE;RAW_2018_DEPRECIATION_UNAVAILABLE;RAW_GDP_DIFFERS_FROM_CANONICAL;RAW_POP_DIFFERS_FROM_CANONICAL;TRACK_A_RAW_GFCF_DIFFERS_FROM_CANONICAL_INVESTMENT_ROUTE
20,广西,广西壮族自治区,2009,2018,7784.98,19627.8,1.5212396178281768,4856.0,4947.0,0.01873970345963756,,,14497.49160096258,67306.70883876627,3.6426451341621986,90100.90000000001,0.7470148338003978,0.772866243094144,0.7380939146868483,0.0006223369520165091,0.0011783408437595181,0.8934129492735949,0.0009501146266690368,3.429151959912281,1360556.071129296,39.67616737416616,19627.81,-5.09481190312993e-07,4947.0,0.0,64293.150573042774,0.046872151059074635,RAW_2018_INVESTMENT_UNAVAILABLE;RAW_2018_DEPRECIATION_UNAVAILABLE;RAW_GDP_DIFFERS_FROM_CANONICAL;TRACK_A_RAW_GFCF_DIFFERS_FROM_CANONICAL_INVESTMENT_ROUTE
21,海南,海南省,2009,2018,1620.28,4910.7,2.0307724590811467,864.0,982.0,0.13657407407407407,,,2151.7215647509083,14673.330466888332,5.819344429718059,17771.2,0.8256803404884494,0.772866243094144,0.7380939146868483,0.00038281495183633223,0.0013859008002914557,2.6202891074222734,0.0012031826140247455,2.988032351169555,1494229.1717808894,50.0071283095723,4910.69,2.0363737072016926e-06,982.0,0.0,11322.317288552222,0.2959653128361149,RAW_2018_INVESTMENT_UNAVAILABLE;RAW_2018_DEPRECIATION_UNAVAILABLE;RAW_GDP_DIFFERS_FROM_CANONICAL;TRACK_A_RAW_GFCF_DIFFERS_FROM_CANONICAL_INVESTMENT_ROUTE
22,重庆,重庆市,2009,2018,6576.96,21588.8,2.2824891743297817,2859.0,3163.0,0.10633088492479888,,,16114.37067041282,50663.83463130832,2.1440157153844597,61621.1,0.8221832234625529,0.772866243094144,0.7380939146868483,0.0006868337888017926,0.0017970189023766463,1.6163810395985516,0.0015552187890407376,2.3467647405742014,1601765.2428488245,68.25418906101802,20363.19,0.06018752464618759,3101.79,0.01973376663152568,85186.48931846963,-0.4052597420478075,RAW_2018_INVESTMENT_UNAVAILABLE;RAW_2018_DEPRECIATION_UNAVAILABLE;RAW_GDP_DIFFERS_FROM_CANONICAL;RAW_POP_DIFFERS_FROM_CANONICAL;TRACK_A_RAW_GFCF_DIFFERS_FROM_CANONICAL_INVESTMENT_ROUTE
23,四川,四川省,2009,2018,14190.6,42902.1,2.023275971417699,8185.0,8321.0,0.016615760537568722,,,30280.066347269065,94830.04741899477,2.1317648492387606,117533.20000000003,0.8068362591931024,0.772866243094144,0.7380939146868483,0.0007046610342276092,0.0017451695236673855,1.4766085236716617,0.001489486243191623,2.2103824152895726,1139647.2469534285,51.5588270640548,42902.1,0.0,8341.0,-0.0023977940294928664,154348.2549535284,-0.385609850609931,RAW_2018_INVESTMENT_UNAVAILABLE;RAW_2018_DEPRECIATION_UNAVAILABLE;RAW_POP_DIFFERS_FROM_CANONICAL;TRACK_A_RAW_GFCF_DIFFERS_FROM_CANONICAL_INVESTMENT_ROUTE
24,贵州,贵州省,2009,2018,3856.66,15353.2,2.980957616175655,3537.0,3822.0,0.08057675996607294,,,6472.6096257138115,39447.014665611394,5.094452924968591,48745.79999999999,0.8092392506761896,0.772866243094144,0.7380939146868483,0.0006090843098101169,0.0014629030152116251,1.4018070924658816,0.0012513179753250246,2.569302468906247,1032103.9943906696,40.170591313448455,15353.21,-6.513295915576801e-07,3822.0,0.0,59961.63198865339,-0.342129068917337,RAW_2018_INVESTMENT_UNAVAILABLE;RAW_2018_DEPRECIATION_UNAVAILABLE;RAW_GDP_DIFFERS_FROM_CANONICAL;TRACK_A_RAW_GFCF_DIFFERS_FROM_CANONICAL_INVESTMENT_ROUTE
25,云南,云南省,2009,2018,6574.36,20880.6,2.1760658071660206,4571.0,4703.0,0.028877707285057973,,,14216.427706060244,68611.98486091176,3.8262465282796416,84406.5,0.8128756062733529,0.772866243094144,0.7380939146868483,0.0007110216288681008,0.0012523872840856643,0.761391261865524,0.0010748007937066463,3.2859201776247695,1458898.2534746283,44.398469062300656,20880.63,-1.436738259452604e-06,4703.0,0.0,77281.24400132318,-0.1121780485348164,RAW_2018_INVESTMENT_UNAVAILABLE;RAW_2018_DEPRECIATION_UNAVAILABLE;RAW_GDP_DIFFERS_FROM_CANONICAL;TRACK_A_RAW_GFCF_DIFFERS_FROM_CANONICAL_INVESTMENT_ROUTE
26,西藏,西藏自治区,2009,2018,441.4,1548.4,2.5079293158133216,296.0,354.0,0.19594594594594594,,,1471.7384792848438,6325.734326183821,3.2981374851717273,8459.9,0.7477315720261258,0.772866243094144,0.7380939146868483,0.0007579273359250301,0.0010622757407405523,0.4015535400159081,0.0008571360212276969,4.085336041193375,1786930.6006168986,43.740112994350284,1477.63,0.047894263110521564,354.0,0.0,7659.137538766502,-0.1740931280883388,RAW_2018_INVESTMENT_UNAVAILABLE;RAW_2018_DEPRECIATION_UNAVAILABLE;RAW_GDP_DIFFERS_FROM_CANONICAL;TRACK_A_RAW_GFCF_DIFFERS_FROM_CANONICAL_INVESTMENT_ROUTE
27,陕西,陕西省,2009,2018,8169.8,23941.9,1.9305368552473747,3727.0,3931.0,0.05473571236919775,,,17728.30419799106,73897.9102910824,3.1683575296195774,92119.20000000001,0.8021987847384953,0.772866243094144,0.7380939146868483,0.000652876469041312,0.0014248168745465775,1.1823682459237468,0.0012109052899181242,3.086551622514604,1879875.611576759,60.90536759094378,23941.88,8.35356287828548e-07,3931.0,0.0,111115.81341199951,-0.33494695289606646,RAW_2018_INVESTMENT_UNAVAILABLE;RAW_2018_DEPRECIATION_UNAVAILABLE;RAW_GDP_DIFFERS_FROM_CANONICAL;TRACK_A_RAW_GFCF_DIFFERS_FROM_CANONICAL_INVESTMENT_ROUTE
28,甘肃,甘肃省,2009,2018,3382.4,8104.1,1.3959614474929045,2555.0,2515.0,-0.015655577299412915,,,7684.162232962701,25177.70467938732,2.2765712013969046,30457.399999999998,0.8266531181055284,0.772866243094144,0.7380939146868483,0.0005131096729274248,0.001200191087201283,1.3390537160484213,0.0010428629398113237,3.1067860316860996,1001101.5777092373,32.22306163021869,8246.1,-0.017220261699470052,2515.0,0.0,42398.29189380812,-0.4061622873287428,RAW_2018_INVESTMENT_UNAVAILABLE;RAW_2018_DEPRECIATION_UNAVAILABLE;RAW_GDP_DIFFERS_FROM_CANONICAL;TRACK_A_RAW_GFCF_DIFFERS_FROM_CANONICAL_INVESTMENT_ROUTE
29,青海,青海省,2009,2018,939.7,2748.0,1.9243375545386825,557.0,587.0,0.05385996409335727,,,2204.9541560949483,17578.40752956772,6.972232656618903,21874.8,0.8035916913328451,0.772866243094144,0.7380939146868483,0.0005277056201467056,0.0007766590908837349,0.47176581266619544,0.0006609029107120601,6.396800411050845,2994617.9777798504,46.81431005110733,2748.0,0.0,587.0,0.0,16943.54400537927,0.03746934667191784,RAW_2018_INVESTMENT_UNAVAILABLE;RAW_2018_DEPRECIATION_UNAVAILABLE;TRACK_A_RAW_GFCF_DIFFERS_FROM_CANONICAL_INVESTMENT_ROUTE
30,宁夏,宁夏回族自治区,2009,2018,1266.66,3510.2,1.7712251117111142,625.0,710.0,0.136,,,3559.852848217465,18640.640444563738,4.236351399720839,24528.800000000007,0.7599491391573878,0.772866243094144,0.7380939146868483,0.000594643144096446,0.000903855957611513,0.5199972732972692,0.0007380860719805642,5.3104211852782575,2625442.316135738,49.43943661971831,3510.21,-2.8488324061005692e-06,710.0,0.0,19156.633687556972,-0.02693548623464013,RAW_2018_INVESTMENT_UNAVAILABLE;RAW_2018_DEPRECIATION_UNAVAILABLE;RAW_GDP_DIFFERS_FROM_CANONICAL;TRACK_A_RAW_GFCF_DIFFERS_FROM_CANONICAL_INVESTMENT_ROUTE
31,新疆,新疆维吾尔自治区,2009,2018,4273.6,12809.4,1.9973324597529012,2159.0,2520.0,0.16720704029643355,,,10931.710042565432,49250.55303193712,3.505292661456203,62283.099999999984,0.7907530779928605,0.772866243094144,0.7380939146868483,0.0006624231201077291,0.001155504463249978,0.7443601048557298,0.0009716642617557486,3.8448758748994583,1954387.0250768696,50.83095238095238,12199.08,0.05003000226246567,2520.0,0.0,54798.2296720294,-0.10123824571150299,RAW_2018_INVESTMENT_UNAVAILABLE;RAW_2018_DEPRECIATION_UNAVAILABLE;RAW_GDP_DIFFERS_FROM_CANONICAL;TRACK_A_RAW_GFCF_DIFFERS_FROM_CANONICAL_INVESTMENT_ROUTE
