path,turn,raw_ra0_std,used_ra_std,raw_used_spearman,used_ra_unique_count,upper_clipped_count,upper_clipped_share,lower_clipped_count,lower_clipped_share,share_exactly_0_09,share_exactly_0_02,raw_p1,raw_p5,raw_p25,raw_p50,raw_p75,raw_p95,raw_p99,used_p1,used_p5,used_p25,used_p50,used_p75,used_p95,used_p99,gap_p50,gap_min,gap_mean,gap_p95,gap_p99,gap_max
A_EQUAL_SHARE,1,0.16654744447723807,0.0,,1,31,1.0,0,0.0,1.0,0.0,0.26403510308607114,0.30061522802067564,0.35588001774803046,0.4763263686225738,0.6046296041575865,0.7899094373870446,0.9449586473927,0.09,0.09,0.09,0.09,0.09,0.09,0.09,0.38632636862257386,0.16025706464143671,0.40406522679327944,0.6999094373870445,0.8549586473927,0.8745303327953562
A_EQUAL_SHARE,2,0.1920811586027368,0.0,,1,31,1.0,0,0.0,1.0,0.0,0.2755246211653825,0.3162114095436508,0.3779189170307895,0.5035128415185646,0.6496259082397684,0.8758877698588667,1.0693380964656747,0.09,0.09,0.09,0.09,0.09,0.09,0.09,0.4135128415185646,0.16982404568415824,0.43990440322941954,0.7858877698588668,0.9793380964656745,1.0044240578130563
A_EQUAL_SHARE,3,0.19710380299350383,0.0,,1,31,1.0,0,0.0,1.0,0.0,0.2765128275212756,0.3174940626873236,0.37982444118259484,0.5064030648122217,0.6555037922536978,0.8905140527849686,1.0935886374010568,0.09,0.09,0.09,0.09,0.09,0.09,0.09,0.4164030648122218,0.1707154834302427,0.44472272472013097,0.8005140527849688,1.0035886374010567,1.0301707579585349
A_EQUAL_SHARE,4,0.19828505745817795,0.0,,1,31,1.0,0,0.0,1.0,0.0,0.2769692431620459,0.3180423179648836,0.3805097266091829,0.5073506055373469,0.6570922923387457,0.8941328703473452,1.0997001384878846,0.09,0.09,0.09,0.09,0.09,0.09,0.09,0.41735060553734693,0.17114005428392334,0.44609044361429706,0.8041328703473454,1.0097001384878848,1.036705099083405
A_EQUAL_SHARE,5,0.08172458206031821,0.00024412468467667676,0.3061862178478973,2,30,0.967741935483871,0,0.0,0.967741935483871,0.0,0.09142086953318809,0.10486246556645623,0.16363941955719552,0.20800197584909438,0.2951608682166959,0.3604953790416072,0.3783454260199196,0.08903281221762828,0.09,0.09,0.09,0.09,0.09,0.09,0.11800197584909439,0.0,0.13407743654834225,0.27049537904160725,0.2883454260199196,0.2924962816422242
A_EQUAL_SHARE,6,0.0896697691751835,2.1512363360988176e-05,0.3061862178478973,2,30,0.967741935483871,0,0.0,0.967741935483871,0.0,0.09200360429217191,0.10517059683006572,0.16277869133293907,0.2116500710972444,0.307235010933701,0.38496459973111385,0.4047200195854487,0.08991477103169536,0.09,0.09,0.09,0.09,0.09,0.09,0.1216500710972444,0.0,0.14140883212936164,0.2949645997311139,0.31472001958544865,0.31953417276136453
A_EQUAL_SHARE,7,0.08830161786158527,0.0003835529068719569,0.3061862178478973,2,30,0.967741935483871,0,0.0,0.967741935483871,0.0,0.0904693690100068,0.10376637718028096,0.16550540487370563,0.21356691519978083,0.3071683411930777,0.38033283571183363,0.400445177389014,0.08848041714457908,0.09,0.09,0.09,0.09,0.09,0.09,0.12356691519978083,0.0,0.14079923296415595,0.2903328357118336,0.31044517738901395,0.3152244499166057
A_EQUAL_SHARE,8,0.08849920004488245,0.00038190394926355736,0.3061862178478973,2,30,0.967741935483871,0,0.0,0.967741935483871,0.0,0.09047718229581303,0.10377437903037481,0.16536373212071104,0.2136500429084443,0.3076488747829571,0.38111965213339394,0.4014167012009865,0.0884869500834935,0.09,0.09,0.09,0.09,0.09,0.09,0.12365004290844431,0.0,0.1411555621670154,0.2911196521333939,0.3114167012009865,0.316208269388938
A_EQUAL_SHARE,9,0.08853191562809391,0.00038220121752685334,0.3061862178478973,2,30,0.967741935483871,0,0.0,0.967741935483871,0.0,0.09047548292691181,0.10377250631253765,0.16536263880948637,0.21365066510078468,0.30768187530176905,0.3811762692630044,0.401491135964026,0.08848577234830163,0.09,0.09,0.09,0.09,0.09,0.09,0.12365066510078468,0.0,0.14116286265968683,0.2911762692630044,0.31149113596402606,0.31628446615129857
A_EQUAL_SHARE,10,0.08853387679400965,0.0003821772857684298,0.3061862178478973,2,30,0.967741935483871,0,0.0,0.967741935483871,0.0,0.09047562032324105,0.10377265791675497,0.1653621069685967,0.2136509768440422,0.3076843643245842,0.3811812309705117,0.40149776732603165,0.08848586716257405,0.09,0.09,0.09,0.09,0.09,0.09,0.12365097684404219,0.0,0.1411639914571906,0.2911812309705117,0.3114977673260316,0.31629130803450434
A_EQUAL_SHARE,11,0.08853401181739019,0.0003821787821148766,0.3061862178478973,2,30,0.967741935483871,0,0.0,0.967741935483871,0.0,0.090475611748893,0.10377264840201472,0.16536215859926334,0.21365097438381933,0.3076845193765901,0.38118159306714705,0.40149828210629623,0.08848586123425917,0.09,0.09,0.09,0.09,0.09,0.09,0.12365097438381933,0.0,0.14116407055169558,0.291181593067147,0.31149828210629626,0.31629184520716
A_EQUAL_SHARE,12,0.08853402107838321,0.00038217868540340677,0.3061862178478973,2,30,0.967741935483871,0,0.0,0.967741935483871,0.0,0.0904756123032409,0.10377264901486852,0.1653621508363467,0.21365097540810127,0.30768453373486576,0.381181623616912,0.4014983264543772,0.08848586161741645,0.09,0.09,0.09,0.09,0.09,0.09,0.12365097540810127,0.0,0.14116407783182003,0.291181623616912,0.3114983264543772,0.31629189182199824
A_EQUAL_SHARE,13,0.08853402186051745,0.0003821786962108221,0.3061862178478973,2,30,0.967741935483871,0,0.0,0.967741935483871,0.0,0.0904756122405483,0.10377264894472855,0.16536215185250638,0.21365097532451938,0.3076845342484301,0.3811816258133578,0.4014983298755736,0.08848586157459899,0.09,0.09,0.09,0.09,0.09,0.09,0.12365097532451938,0.0,0.14116407824014474,0.29118162581335777,0.3114983298755736,0.31629189546292025
A_EQUAL_SHARE,14,0.088534021906053,0.00038217869555441387,0.3061862178478973,2,30,0.967741935483871,0,0.0,0.967741935483871,0.0,0.0904756122443635,0.10377264894901175,0.1653621517096321,0.21365097532885624,0.30768453436369336,0.3811816260002173,0.40149833017088254,0.08848586157719959,0.09,0.09,0.09,0.09,0.09,0.09,0.12365097532885624,0.0,0.1411640782853675,0.29118162600021735,0.3114983301708826,0.316291895778975
A_EQUAL_SHARE,15,0.08853402191167066,0.0003821786956287166,0.3061862178478973,2,30,0.967741935483871,0,0.0,0.967741935483871,0.0,0.0904756122439235,0.10377264894851035,0.16536215172902097,0.21365097532806115,0.3076845343606238,0.3811816260134894,0.4014983301935826,0.08848586157690522,0.09,0.09,0.09,0.09,0.09,0.09,0.12365097532806116,0.0,0.14116407828695976,0.2911816260134894,0.3114983301935826,0.3162918958036053
A_EQUAL_SHARE,16,0.08853402191179692,0.0003821786956242589,0.3061862178478973,2,30,0.967741935483871,0,0.0,0.967741935483871,0.0,0.09047561224395068,0.10377264894854218,0.16536215172631963,0.21365097532809257,0.3076845343620937,0.3811816260146308,0.4014983301955511,0.08848586157692287,0.09,0.09,0.09,0.09,0.09,0.09,0.12365097532809258,0.0,0.14116407828730448,0.2911816260146308,0.3114983301955511,0.31629189580574846
A_EQUAL_SHARE,17,0.08853402191185118,0.00038217869562479095,0.3061862178478973,2,30,0.967741935483871,0,0.0,0.967741935483871,0.0,0.09047561224394735,0.10377264894853819,0.16536215172669036,0.2136509753280851,0.3076845343619556,0.3811816260147102,0.4014983301957008,0.08848586157692076,0.09,0.09,0.09,0.09,0.09,0.09,0.12365097532808511,0.0,0.14116407828730076,0.2911816260147102,0.3114983301957008,0.3162918958059141
A_EQUAL_SHARE,18,0.0885340219118491,0.00038217869562474926,0.3061862178478973,2,30,0.967741935483871,0,0.0,0.967741935483871,0.0,0.09047561224394762,0.10377264894853855,0.165362151726639,0.21365097532808566,0.3076845343619815,0.3811816260147174,0.40149833019571424,0.08848586157692093,0.09,0.09,0.09,0.09,0.09,0.09,0.12365097532808567,0.0,0.1411640782873046,0.2911816260147174,0.3114983301957142,0.31629189580592887
A_EQUAL_SHARE,19,0.08853402191185059,0.00038217869562458745,0.3061862178478973,2,30,0.967741935483871,0,0.0,0.967741935483871,0.0,0.09047561224394855,0.10377264894853959,0.1653621517266477,0.21365097532808752,0.307684534361981,0.3811816260147213,0.4014983301957188,0.08848586157692157,0.09,0.09,0.09,0.09,0.09,0.09,0.12365097532808753,0.0,0.14116407828730645,0.29118162601472125,0.31149833019571876,0.31629189580593364
A_EQUAL_SHARE,20,0.08853402191185071,0.00038217869562455557,0.3061862178478973,2,30,0.967741935483871,0,0.0,0.967741935483871,0.0,0.09047561224394873,0.10377264894853978,0.16536215172664692,0.21365097532808805,0.30768453436198195,0.3811816260147221,0.40149833019571973,0.0884858615769217,0.09,0.09,0.09,0.09,0.09,0.09,0.12365097532808805,0.0,0.14116407828730693,0.29118162601472214,0.31149833019571976,0.31629189580593464
A_EQUAL_SHARE,21,0.08853402191185034,0.0003821786956246512,0.3061862178478973,2,30,0.967741935483871,0,0.0,0.967741935483871,0.0,0.09047561224394818,0.10377264894853916,0.16536215172664623,0.2136509753280869,0.30768453436198034,0.38118162601472033,0.40149833019571785,0.08848586157692132,0.09,0.09,0.09,0.09,0.09,0.09,0.12365097532808692,0.0,0.14116407828730576,0.29118162601472036,0.3114983301957179,0.31629189580593275
A_EQUAL_SHARE,22,0.08853402191184978,0.00038217869562477626,0.3061862178478973,2,30,0.967741935483871,0,0.0,0.967741935483871,0.0,0.09047561224394747,0.10377264894853841,0.16536215172664503,0.2136509753280854,0.3076845343619784,0.3811816260147178,0.4014983301957151,0.08848586157692082,0.09,0.09,0.09,0.09,0.09,0.09,0.12365097532808542,0.0,0.14116407828730423,0.29118162601471775,0.31149833019571516,0.31629189580593
A_EQUAL_SHARE,23,0.08853402191185017,0.000382178695624661,0.3061862178478973,2,30,0.967741935483871,0,0.0,0.967741935483871,0.0,0.09047561224394812,0.1037726489485391,0.16536215172664614,0.21365097532808663,0.3076845343619802,0.3811816260147197,0.40149833019571723,0.08848586157692127,0.09,0.09,0.09,0.09,0.09,0.09,0.12365097532808664,0.0,0.1411640782873055,0.2911816260147197,0.3114983301957172,0.3162918958059321
A_EQUAL_SHARE,24,0.0885340219118505,0.0003821786956245997,0.3061862178478973,2,30,0.967741935483871,0,0.0,0.967741935483871,0.0,0.09047561224394848,0.1037726489485395,0.16536215172664667,0.21365097532808747,0.3076845343619812,0.38118162601472116,0.40149833019571873,0.08848586157692152,0.09,0.09,0.09,0.09,0.09,0.09,0.12365097532808747,0.0,0.14116407828730634,0.2911816260147212,0.31149833019571876,0.31629189580593364
A_EQUAL_SHARE,25,0.08853402191185032,0.0003821786956246561,0.3061862178478973,2,30,0.967741935483871,0,0.0,0.967741935483871,0.0,0.09047561224394815,0.10377264894853916,0.16536215172664614,0.2136509753280869,0.3076845343619804,0.3811816260147203,0.40149833019571773,0.0884858615769213,0.09,0.09,0.09,0.09,0.09,0.09,0.12365097532808692,0.0,0.14116407828730573,0.2911816260147203,0.31149833019571777,0.31629189580593264
B_GEOGRAPHIC_BETA2,1,0.16654744447723807,0.0,,1,31,1.0,0,0.0,1.0,0.0,0.26403510308607114,0.30061522802067564,0.3558800177480304,0.4763263686225738,0.6046296041575865,0.7899094373870446,0.9449586473927,0.09,0.09,0.09,0.09,0.09,0.09,0.09,0.38632636862257386,0.16025706464143671,0.40406522679327944,0.6999094373870445,0.8549586473927,0.8745303327953562
B_GEOGRAPHIC_BETA2,2,0.19179858959039314,0.0,,1,31,1.0,0,0.0,1.0,0.0,0.2750927509456983,0.315721395501244,0.377338426648761,0.5027368180630868,0.6486391206726363,0.8745554763039916,1.0677532168222579,0.09,0.09,0.09,0.09,0.09,0.09,0.09,0.4127368180630868,0.1694156384725419,0.4390935854261291,0.7845554763039917,0.9777532168222579,1.0028084100025714
B_GEOGRAPHIC_BETA2,3,0.1966332828368217,0.0,,1,31,1.0,0,0.0,1.0,0.0,0.27592100798779867,0.31680796360865254,0.37895818166094075,0.5052530541853978,0.653994735712761,0.8884379290103936,1.0910157481177563,0.09,0.09,0.09,0.09,0.09,0.09,0.09,0.4152530541853978,0.1701749967838215,0.4435138650257135,0.7984379290103937,1.0010157481177562,1.0275399313615328
B_GEOGRAPHIC_BETA2,4,0.19788540095793197,0.0,,1,31,1.0,0,0.0,1.0,0.0,0.2765281145375389,0.3175206615564746,0.37982659926981843,0.5064747807993382,0.6559035841787735,0.8924674529367456,1.097515846837517,0.09,0.09,0.09,0.09,0.09,0.09,0.09,0.4164747807993382,0.17074895928772202,0.4451443469190812,0.8024674529367456,1.007515846837517,1.0344507269044165
B_GEOGRAPHIC_BETA2,5,0.08170684661378873,0.00024810777976922544,0.3061862178478973,2,30,0.967741935483871,0,0.0,0.967741935483871,0.0,0.09139709139333159,0.10483722352294828,0.16360880665261385,0.20793835266330807,0.2950891198161288,0.3604103657906066,0.37828052214728,0.0890170317531716,0.09,0.09,0.09,0.09,0.09,0.09,0.11793835266330807,0.0,0.13402599938892087,0.2704103657906066,0.28828052214727995,0.2924365472359767
B_GEOGRAPHIC_BETA2,6,0.08979943140794372,0.0,,1,31,1.0,0,0.0,1.0,0.0,0.09215655019273769,0.10533996379130876,0.16308000267952333,0.21206257532813866,0.3077524101496757,0.3855267840321573,0.40533965342118883,0.09,0.09,0.09,0.09,0.09,0.09,0.09,0.12206257532813866,3.4439898018670534e-05,0.1417710881843209,0.2955267840321573,0.31533965342118886,0.32016469221668664
B_GEOGRAPHIC_BETA2,7,0.08846081992502736,0.0003822963784364773,0.3061862178478973,2,30,0.967741935483871,0,0.0,0.967741935483871,0.0,0.09051987524130764,0.10384656081621801,0.16459456993956134,0.2138620131786104,0.3074154494528123,0.3802922638098614,0.4004019059287698,0.08848539533411616,0.09,0.09,0.09,0.09,0.09,0.09,0.1238620131786104,0.0,0.14049470007362122,0.29029226380986145,0.31040190592876976,0.3151808474443668
B_GEOGRAPHIC_BETA2,8,0.08843375531725811,0.00038092575073284167,0.3061862178478973,2,30,0.967741935483871,0,0.0,0.967741935483871,0.0,0.09052582959184073,0.10385233192473123,0.16597167228509102,0.213941791064652,0.30792460875616956,0.3811371928700693,0.4014344399072898,0.08849082556896067,0.09,0.09,0.09,0.09,0.09,0.09,0.123941791064652,0.0,0.14139509778861076,0.29113719287006934,0.31143443990728975,0.316226082693182
B_GEOGRAPHIC_BETA2,9,0.0884980427081842,0.0003810929814080278,0.3061862178478973,2,30,0.967741935483871,0,0.0,0.967741935483871,0.0,0.09052501448925032,0.10385157521226203,0.1657949057852614,0.21394461543801674,0.307961780571862,0.3812005780339243,0.4015171711397214,0.08849016302446586,0.09,0.09,0.09,0.09,0.09,0.09,0.12394461543801674,0.0,0.14134806078912796,0.2912005780339243,0.31151717113972144,0.31631076473745534
B_GEOGRAPHIC_BETA2,10,0.08850116750427314,0.0003810545939316263,0.3061862178478973,2,30,0.967741935483871,0,0.0,0.967741935483871,0.0,0.09052524145867907,0.10385183259490326,0.16578754165499965,0.21394524190243938,0.30796466375553283,0.3812063931489402,0.4015248399812037,0.0884903151102667,0.09,0.09,0.09,0.09,0.09,0.09,0.12394524190243938,0.0,0.141347037333195,0.29120639314894026,0.31152483998120367,0.3163186673176063
B_GEOGRAPHIC_BETA2,11,0.08850134497939689,0.00038105673989384645,0.3061862178478973,2,30,0.967741935483871,0,0.0,0.967741935483871,0.0,0.09052522936318519,0.1038518193724727,0.16578732567386273,0.21394524825608374,0.30796483972275157,0.38120681058975764,0.40152542849394834,0.08849030660826518,0.09,0.09,0.09,0.09,0.09,0.09,0.12394524825608375,0.0,0.14134702280107345,0.2912068105897576,0.3115254284939484,0.31631928073436233
B_GEOGRAPHIC_BETA2,12,0.08850135653769539,0.00038105658268887676,0.3061862178478973,2,30,0.967741935483871,0,0.0,0.967741935483871,0.0,0.09052523026619155,0.10385182037213418,0.16578730820221804,0.21394525041040857,0.30796485681549945,0.3812068467453834,0.40152548018932865,0.08849030723108922,0.09,0.09,0.09,0.09,0.09,0.09,0.12394525041040858,0.0,0.14134702636081756,0.29120684674538344,0.3115254801893287,0.31631933497273357
B_GEOGRAPHIC_BETA2,13,0.08850135740210865,0.0003810565988715236,0.3061862178478973,2,30,0.967741935483871,0,0.0,0.967741935483871,0.0,0.09052523017292147,0.10385182026839282,0.16578730874772968,0.21394525032051806,0.307964857316967,0.3812068492772173,0.40152548410555433,0.08849030716697585,0.09,0.09,0.09,0.09,0.09,0.09,0.12394525032051806,0.0,0.14134702658934734,0.2912068492772173,0.3115254841055543,0.3163193391359981
B_GEOGRAPHIC_BETA2,14,0.08850135745947528,0.00038105659778939053,0.3061862178478973,2,30,0.967741935483871,0,0.0,0.967741935483871,0.0,0.09052523017915176,0.10385182027532205,0.1657873086010142,0.21394525032926628,0.3079648574617946,0.3812068494991129,0.4015254844502981,0.0884903071712631,0.09,0.09,0.09,0.09,0.09,0.09,0.12394525032926629,0.0,0.14134702662886472,0.2912068494991129,0.3115254844502981,0.31631933950421964
B_GEOGRAPHIC_BETA2,15,0.08850135746512028,0.00038105659790140493,0.3061862178478973,2,30,0.967741935483871,0,0.0,0.967741935483871,0.0,0.09052523017849815,0.10385182027458695,0.16578730861818963,0.21394525032826942,0.3079648574563266,0.3812068495143973,0.40152548447630004,0.08849030717081932,0.09,0.09,0.09,0.09,0.09,0.09,0.12394525032826942,0.0,0.14134702663019694,0.29120684951439735,0.3115254844763,0.316319339532406
B_GEOGRAPHIC_BETA2,16,0.08850135746536882,0.0003810565978937547,0.3061862178478973,2,30,0.967741935483871,0,0.0,0.967741935483871,0.0,0.09052523017854326,0.10385182027463827,0.16578730861569613,0.21394525032832476,0.30796485745828417,0.381206849515762,0.4015254844786049,0.08849030717084963,0.09,0.09,0.09,0.09,0.09,0.09,0.12394525032832476,0.0,0.14134702663054186,0.291206849515762,0.3115254844786049,0.31631933953490976
B_GEOGRAPHIC_BETA2,17,0.0885013574654165,0.0003810565978945197,0.3061862178478973,2,30,0.967741935483871,0,0.0,0.967741935483871,0.0,0.09052523017853864,0.1038518202746329,0.16578730861603408,0.2139452503283162,0.30796485745808644,0.3812068495158543,0.40152548447877767,0.0884903071708466,0.09,0.09,0.09,0.09,0.09,0.09,0.12394525032831621,0.0,0.14134702663053975,0.2912068495158543,0.31152548447877765,0.3163193395351006
B_GEOGRAPHIC_BETA2,18,0.08850135746541604,0.00038105659789449276,0.3061862178478973,2,30,0.967741935483871,0,0.0,0.967741935483871,0.0,0.09052523017853883,0.10385182027463315,0.16578730861598678,0.21394525032831638,0.3079648574581212,0.38120684951586215,0.4015254844787926,0.0884903071708467,0.09,0.09,0.09,0.09,0.09,0.09,0.12394525032831638,0.0,0.1413470266305431,0.2912068495158622,0.3115254844787926,0.31631933953511715
B_GEOGRAPHIC_BETA2,19,0.08850135746541596,0.00038105659789463745,0.3061862178478973,2,30,0.967741935483871,0,0.0,0.967741935483871,0.0,0.09052523017853797,0.10385182027463218,0.1657873086159919,0.21394525032831455,0.3079648574581142,0.3812068495158598,0.40152548447879066,0.08849030717084613,0.09,0.09,0.09,0.09,0.09,0.09,0.12394525032831455,0.0,0.14134702663054108,0.2912068495158598,0.31152548447879064,0.3163193395351154
B_GEOGRAPHIC_BETA2,20,0.08850135746541594,0.00038105659789461533,0.3061862178478973,2,30,0.967741935483871,0,0.0,0.967741935483871,0.0,0.09052523017853811,0.10385182027463233,0.1657873086159913,0.21394525032831488,0.3079648574581153,0.38120684951586015,0.401525484478791,0.08849030717084622,0.09,0.09,0.09,0.09,0.09,0.09,0.12394525032831488,0.0,0.14134702663054138,0.2912068495158601,0.311525484478791,0.3163193395351157
B_GEOGRAPHIC_BETA2,21,0.08850135746541621,0.0003810565978945712,0.3061862178478973,2,30,0.967741935483871,0,0.0,0.967741935483871,0.0,0.09052523017853838,0.10385182027463265,0.16578730861599186,0.21394525032831543,0.307964857458116,0.3812068495158612,0.40152548447879205,0.0884903071708464,0.09,0.09,0.09,0.09,0.09,0.09,0.12394525032831544,0.0,0.14134702663054202,0.29120684951586123,0.3115254844787921,0.3163193395351168
B_GEOGRAPHIC_BETA2,22,0.08850135746541667,0.00038105659789446826,0.3061862178478973,2,30,0.967741935483871,0,0.0,0.967741935483871,0.0,0.09052523017853896,0.10385182027463327,0.16578730861599275,0.2139452503283166,0.30796485745811775,0.38120684951586326,0.40152548447879427,0.0884903071708468,0.09,0.09,0.09,0.09,0.09,0.09,0.1239452503283166,0.0,0.1413470266305433,0.2912068495158633,0.3115254844787943,0.31631933953511904
B_GEOGRAPHIC_BETA2,23,0.08850135746541574,0.0003810565978946816,0.3061862178478973,2,30,0.967741935483871,0,0.0,0.967741935483871,0.0,0.09052523017853774,0.10385182027463191,0.16578730861599072,0.21394525032831405,0.3079648574581141,0.381206849515859,0.4015254844787899,0.08849030717084597,0.09,0.09,0.09,0.09,0.09,0.09,0.12394525032831405,0.0,0.1413470266305406,0.291206849515859,0.31152548447878986,0.3163193395351146
B_GEOGRAPHIC_BETA2,24,0.08850135746541622,0.0003810565978945541,0.3061862178478973,2,30,0.967741935483871,0,0.0,0.967741935483871,0.0,0.09052523017853847,0.10385182027463276,0.16578730861599206,0.21394525032831552,0.30796485745811636,0.3812068495158613,0.40152548447879227,0.08849030717084647,0.09,0.09,0.09,0.09,0.09,0.09,0.12394525032831552,0.0,0.14134702663054216,0.2912068495158613,0.3115254844787923,0.31631933953511704
B_GEOGRAPHIC_BETA2,25,0.08850135746541675,0.0003810565978944437,0.3061862178478973,2,30,0.967741935483871,0,0.0,0.967741935483871,0.0,0.0905252301785391,0.10385182027463344,0.165787308615993,0.2139452503283169,0.30796485745811797,0.38120684951586364,0.4015254844787947,0.0884903071708469,0.09,0.09,0.09,0.09,0.09,0.09,0.12394525032831691,0.0,0.14134702663054355,0.2912068495158636,0.3115254844787947,0.3163193395351195
