turn,province_index,province_name,hjb_converged,hjb_nonconverged_but_continued,hjb_iterations,hjb_convergence_statistic,hjb_acceptance_classification,downstream_kfe_attempted,downstream_kfe_returned,reconverged_after_prior_nonconvergence
1,0,北京,True,False,17,8.547302199346518e-09,HJB_CONVERGED,True,True,False
1,1,天津,True,False,27,3.770028733640629e-11,HJB_CONVERGED,True,True,False
1,2,河北,True,False,35,2.8269918406209626e-08,HJB_CONVERGED,True,True,False
1,3,山西,True,False,49,2.10115258525434e-10,HJB_CONVERGED,True,True,False
1,4,内蒙古,True,False,26,4.778821782736031e-11,HJB_CONVERGED,True,True,False
1,5,辽宁,True,False,15,4.6158866284784494e-08,HJB_CONVERGED,True,True,False
1,6,吉林,True,False,15,3.5706573253690976e-09,HJB_CONVERGED,True,True,False
1,7,黑龙江,True,False,13,7.462075846120797e-09,HJB_CONVERGED,True,True,False
1,8,上海,True,False,18,3.760773470418144e-09,HJB_CONVERGED,True,True,False
1,9,江苏,True,False,17,4.77480961436072e-08,HJB_CONVERGED,True,True,False
1,10,浙江,True,False,15,8.606957369039492e-10,HJB_CONVERGED,True,True,False
1,11,安徽,False,True,100,0.18862667495966345,HJB_NONCONVERGED_DIAGNOSTIC_ONLY,True,True,False
1,12,福建,True,False,14,8.923409566818918e-09,HJB_CONVERGED,True,True,False
1,13,江西,False,True,100,0.05869183330034722,HJB_NONCONVERGED_DIAGNOSTIC_ONLY,True,True,False
1,14,山东,True,False,15,7.239737698228055e-10,HJB_CONVERGED,True,True,False
1,15,河南,False,True,100,0.3587512505611632,HJB_NONCONVERGED_DIAGNOSTIC_ONLY,True,True,False
1,16,湖北,False,True,100,0.007907594369422455,HJB_NONCONVERGED_DIAGNOSTIC_ONLY,True,True,False
1,17,湖南,False,True,100,0.2058091017317485,HJB_NONCONVERGED_DIAGNOSTIC_ONLY,True,True,False
1,18,广东,False,True,100,0.04680647315474018,HJB_NONCONVERGED_DIAGNOSTIC_ONLY,True,True,False
1,19,广西,False,True,100,0.09121637957767925,HJB_NONCONVERGED_DIAGNOSTIC_ONLY,True,True,False
1,20,海南,True,False,14,2.552571487512978e-10,HJB_CONVERGED,True,True,False
1,21,重庆,False,True,100,0.003659066625460339,HJB_NONCONVERGED_DIAGNOSTIC_ONLY,True,True,False
1,22,四川,False,True,100,0.048200291036978093,HJB_NONCONVERGED_DIAGNOSTIC_ONLY,True,True,False
1,23,贵州,False,True,100,0.3037203268799673,HJB_NONCONVERGED_DIAGNOSTIC_ONLY,True,True,False
1,24,云南,True,False,60,1.4832668426834061e-10,HJB_CONVERGED,True,True,False
1,25,西藏,True,False,13,7.219969511140789e-09,HJB_CONVERGED,True,True,False
1,26,陕西,True,False,77,7.931090162394128e-08,HJB_CONVERGED,True,True,False
1,27,甘肃,False,True,100,0.03481466673150879,HJB_NONCONVERGED_DIAGNOSTIC_ONLY,True,True,False
1,28,青海,True,False,24,2.1059358923380955e-08,HJB_CONVERGED,True,True,False
1,29,宁夏,True,False,17,4.1642446380052434e-08,HJB_CONVERGED,True,True,False
1,30,新疆,True,False,15,6.1155787101085934e-09,HJB_CONVERGED,True,True,False
2,0,北京,True,False,91,4.2031300662159765e-09,HJB_CONVERGED,True,True,False
2,1,天津,True,False,21,7.353862407910583e-09,HJB_CONVERGED,True,True,False
2,2,河北,True,False,45,3.451128272047299e-11,HJB_CONVERGED,True,True,False
2,3,山西,False,True,100,0.523618440634219,HJB_NONCONVERGED_DIAGNOSTIC_ONLY,True,True,False
2,4,内蒙古,True,False,26,1.6459769547338965e-08,HJB_CONVERGED,True,True,False
2,5,辽宁,True,False,40,9.16330693545575e-08,HJB_CONVERGED,True,True,False
2,6,吉林,True,False,28,1.219184753153968e-10,HJB_CONVERGED,True,True,False
2,7,黑龙江,True,False,13,1.0546550299750379e-08,HJB_CONVERGED,True,True,False
2,8,上海,True,False,15,8.856011479707604e-08,HJB_CONVERGED,True,True,False
2,9,江苏,True,False,16,6.087632620221939e-10,HJB_CONVERGED,True,True,False
2,10,浙江,True,False,14,5.2678312822962425e-09,HJB_CONVERGED,True,True,False
2,11,安徽,False,True,100,0.009406184163712084,HJB_NONCONVERGED_DIAGNOSTIC_ONLY,True,True,False
2,12,福建,True,False,15,6.60716010791873e-08,HJB_CONVERGED,True,True,False
2,13,江西,True,False,87,2.532176690550614e-10,HJB_CONVERGED,True,True,True
2,14,山东,True,False,14,7.131677914884449e-09,HJB_CONVERGED,True,True,False
2,15,河南,False,True,100,0.008846181865201252,HJB_NONCONVERGED_DIAGNOSTIC_ONLY,True,True,False
2,16,湖北,True,False,60,1.200452293126375e-08,HJB_CONVERGED,True,True,True
2,17,湖南,True,False,72,7.948841584948241e-11,HJB_CONVERGED,True,True,True
2,18,广东,True,False,14,2.8149260700160994e-10,HJB_CONVERGED,True,True,True
2,19,广西,True,False,13,3.562171047022389e-08,HJB_CONVERGED,True,True,True
2,20,海南,True,False,13,1.769531143835934e-08,HJB_CONVERGED,True,True,False
2,21,重庆,True,False,14,9.705120485037355e-09,HJB_CONVERGED,True,True,True
2,22,四川,False,True,100,0.37825878723068573,HJB_NONCONVERGED_DIAGNOSTIC_ONLY,True,True,False
2,23,贵州,True,False,77,3.059095243784782e-08,HJB_CONVERGED,True,True,True
2,24,云南,True,False,13,2.2948782429921266e-08,HJB_CONVERGED,True,True,False
2,25,西藏,True,False,13,9.474815598764508e-09,HJB_CONVERGED,True,True,False
2,26,陕西,True,False,14,5.923534107665773e-08,HJB_CONVERGED,True,True,False
2,27,甘肃,False,True,100,0.00994821972736748,HJB_NONCONVERGED_DIAGNOSTIC_ONLY,True,True,False
2,28,青海,True,False,27,3.0514043292129145e-08,HJB_CONVERGED,True,True,False
2,29,宁夏,False,True,100,0.029104115992007573,HJB_NONCONVERGED_DIAGNOSTIC_ONLY,True,True,False
2,30,新疆,True,False,24,1.9169332787782878e-10,HJB_CONVERGED,True,True,False
3,0,北京,True,False,34,5.067637420808069e-10,HJB_CONVERGED,True,True,False
3,1,天津,True,False,21,7.139486779550452e-10,HJB_CONVERGED,True,True,False
3,2,河北,False,True,100,0.0031139951231156093,HJB_NONCONVERGED_DIAGNOSTIC_ONLY,True,True,False
3,3,山西,True,False,27,4.122475694146033e-10,HJB_CONVERGED,True,True,True
3,4,内蒙古,True,False,27,9.748083229510485e-09,HJB_CONVERGED,True,True,False
3,5,辽宁,True,False,31,1.0303491393415243e-10,HJB_CONVERGED,True,True,False
3,6,吉林,True,False,25,6.999985657785146e-08,HJB_CONVERGED,True,True,False
3,7,黑龙江,True,False,13,1.0562871466390789e-08,HJB_CONVERGED,True,True,False
3,8,上海,True,False,13,2.3754017419719275e-08,HJB_CONVERGED,True,True,False
3,9,江苏,True,False,16,1.4232321987606156e-09,HJB_CONVERGED,True,True,False
3,10,浙江,True,False,14,1.659443205070943e-08,HJB_CONVERGED,True,True,False
3,11,安徽,False,True,100,0.2388886266642105,HJB_NONCONVERGED_DIAGNOSTIC_ONLY,True,True,False
3,12,福建,True,False,15,5.991117268955293e-08,HJB_CONVERGED,True,True,False
3,13,江西,False,True,100,0.006139570367608371,HJB_NONCONVERGED_DIAGNOSTIC_ONLY,True,True,False
3,14,山东,True,False,35,1.3525780495626805e-10,HJB_CONVERGED,True,True,False
3,15,河南,False,True,100,0.0061118030608948715,HJB_NONCONVERGED_DIAGNOSTIC_ONLY,True,True,False
3,16,湖北,True,False,25,8.375832361018354e-08,HJB_CONVERGED,True,True,True
3,17,湖南,False,True,100,0.14034695335326774,HJB_NONCONVERGED_DIAGNOSTIC_ONLY,True,True,False
3,18,广东,True,False,14,1.603722044052347e-09,HJB_CONVERGED,True,True,True
3,19,广西,True,False,13,6.91078532177869e-08,HJB_CONVERGED,True,True,True
3,20,海南,True,False,13,4.759209204507897e-08,HJB_CONVERGED,True,True,False
3,21,重庆,True,False,14,8.903779491475916e-09,HJB_CONVERGED,True,True,True
3,22,四川,False,True,100,0.312390659416125,HJB_NONCONVERGED_DIAGNOSTIC_ONLY,True,True,False
3,23,贵州,False,True,100,0.27797930916365154,HJB_NONCONVERGED_DIAGNOSTIC_ONLY,True,True,False
3,24,云南,True,False,13,2.5686959670423448e-08,HJB_CONVERGED,True,True,False
3,25,西藏,True,False,14,1.426678331029052e-09,HJB_CONVERGED,True,True,False
3,26,陕西,True,False,14,8.226059255989071e-08,HJB_CONVERGED,True,True,False
3,27,甘肃,True,False,79,6.016029896471764e-10,HJB_CONVERGED,True,True,True
3,28,青海,True,False,25,1.5927348329114466e-10,HJB_CONVERGED,True,True,False
3,29,宁夏,True,False,52,2.6987301282588305e-11,HJB_CONVERGED,True,True,True
3,30,新疆,False,True,100,0.05875201947849895,HJB_NONCONVERGED_DIAGNOSTIC_ONLY,True,True,False
4,0,北京,True,False,61,2.4931652742310462e-08,HJB_CONVERGED,True,True,False
4,1,天津,True,False,21,3.80053322146523e-10,HJB_CONVERGED,True,True,False
4,2,河北,True,False,30,8.111042770764243e-08,HJB_CONVERGED,True,True,True
4,3,山西,False,True,100,0.014845889406699397,HJB_NONCONVERGED_DIAGNOSTIC_ONLY,True,True,False
4,4,内蒙古,True,False,26,9.857376470634449e-09,HJB_CONVERGED,True,True,False
4,5,辽宁,False,True,100,0.1519690820952273,HJB_NONCONVERGED_DIAGNOSTIC_ONLY,True,True,False
4,6,吉林,True,False,25,6.90684673898545e-08,HJB_CONVERGED,True,True,False
4,7,黑龙江,True,False,13,1.0562017926929457e-08,HJB_CONVERGED,True,True,False
4,8,上海,True,False,13,3.059637321278785e-08,HJB_CONVERGED,True,True,False
4,9,江苏,True,False,16,1.4258261238353498e-09,HJB_CONVERGED,True,True,False
4,10,浙江,True,False,14,1.654579806498191e-08,HJB_CONVERGED,True,True,False
4,11,安徽,False,True,100,0.37605318082114736,HJB_NONCONVERGED_DIAGNOSTIC_ONLY,True,True,False
4,12,福建,True,False,15,5.962247540125531e-08,HJB_CONVERGED,True,True,False
4,13,江西,False,True,100,0.21878245791944817,HJB_NONCONVERGED_DIAGNOSTIC_ONLY,True,True,False
4,14,山东,True,False,33,1.8558843351001997e-10,HJB_CONVERGED,True,True,False
4,15,河南,True,False,54,2.0658275090568168e-10,HJB_CONVERGED,True,True,True
4,16,湖北,True,False,24,1.7351897696471497e-11,HJB_CONVERGED,True,True,True
4,17,湖南,False,True,100,0.7491408133603334,HJB_NONCONVERGED_DIAGNOSTIC_ONLY,True,True,False
4,18,广东,True,False,14,1.6198109520360049e-09,HJB_CONVERGED,True,True,True
4,19,广西,True,False,13,6.734238100492007e-08,HJB_CONVERGED,True,True,True
4,20,海南,True,False,13,4.6332498282453116e-08,HJB_CONVERGED,True,True,False
4,21,重庆,True,False,14,8.589022604255092e-09,HJB_CONVERGED,True,True,True
4,22,四川,False,True,100,0.06306044436255953,HJB_NONCONVERGED_DIAGNOSTIC_ONLY,True,True,False
4,23,贵州,False,True,100,0.13316775544810677,HJB_NONCONVERGED_DIAGNOSTIC_ONLY,True,True,False
4,24,云南,True,False,13,2.5872619158207044e-08,HJB_CONVERGED,True,True,False
4,25,西藏,True,False,14,1.427398199638219e-09,HJB_CONVERGED,True,True,False
4,26,陕西,True,False,14,7.989970796096202e-08,HJB_CONVERGED,True,True,False
4,27,甘肃,False,True,100,0.275072156458271,HJB_NONCONVERGED_DIAGNOSTIC_ONLY,True,True,False
4,28,青海,True,False,25,1.7148948927570018e-10,HJB_CONVERGED,True,True,False
4,29,宁夏,False,True,100,0.00345311953888805,HJB_NONCONVERGED_DIAGNOSTIC_ONLY,True,True,False
4,30,新疆,False,True,100,0.2650892016681361,HJB_NONCONVERGED_DIAGNOSTIC_ONLY,True,True,False
5,0,北京,False,True,100,0.5031445674792121,HJB_NONCONVERGED_DIAGNOSTIC_ONLY,True,True,False
5,1,天津,True,False,21,4.3410741668026276e-10,HJB_CONVERGED,True,True,False
5,2,河北,False,True,100,0.42902639289448663,HJB_NONCONVERGED_DIAGNOSTIC_ONLY,True,True,False
5,3,山西,True,False,51,9.610942908189202e-08,HJB_CONVERGED,True,True,True
5,4,内蒙古,True,False,26,9.92183979420247e-09,HJB_CONVERGED,True,True,False
5,5,辽宁,True,False,49,5.681233261611851e-11,HJB_CONVERGED,True,True,True
5,6,吉林,True,False,25,7.087120756921195e-08,HJB_CONVERGED,True,True,False
5,7,黑龙江,True,False,13,1.05626600799269e-08,HJB_CONVERGED,True,True,False
5,8,上海,True,False,13,2.3547483518626677e-08,HJB_CONVERGED,True,True,False
5,9,江苏,True,False,16,1.4370411527409033e-09,HJB_CONVERGED,True,True,False
5,10,浙江,True,False,14,1.665277293838585e-08,HJB_CONVERGED,True,True,False
5,11,安徽,False,True,100,0.21794176292490453,HJB_NONCONVERGED_DIAGNOSTIC_ONLY,True,True,False
5,12,福建,True,False,15,5.975580519290702e-08,HJB_CONVERGED,True,True,False
5,13,江西,False,True,100,0.15792562602803084,HJB_NONCONVERGED_DIAGNOSTIC_ONLY,True,True,False
5,14,山东,False,True,100,0.029048161131411954,HJB_NONCONVERGED_DIAGNOSTIC_ONLY,True,True,False
5,15,河南,False,True,100,0.03312321764471293,HJB_NONCONVERGED_DIAGNOSTIC_ONLY,True,True,False
5,16,湖北,True,False,28,8.401359608001258e-10,HJB_CONVERGED,True,True,True
5,17,湖南,False,True,100,0.36642386322854814,HJB_NONCONVERGED_DIAGNOSTIC_ONLY,True,True,False
5,18,广东,True,False,14,1.634986812604211e-09,HJB_CONVERGED,True,True,True
5,19,广西,True,False,13,6.83088181574476e-08,HJB_CONVERGED,True,True,True
5,20,海南,True,False,13,4.6072509363170866e-08,HJB_CONVERGED,True,True,False
5,21,重庆,True,False,14,8.686843910865605e-09,HJB_CONVERGED,True,True,True
5,22,四川,False,True,100,1.144916806642156,HJB_NONCONVERGED_DIAGNOSTIC_ONLY,True,True,False
5,23,贵州,False,True,100,0.002727302612400173,HJB_NONCONVERGED_DIAGNOSTIC_ONLY,True,True,False
5,24,云南,True,False,13,2.5777165735263452e-08,HJB_CONVERGED,True,True,False
5,25,西藏,True,False,14,1.4280665538990434e-09,HJB_CONVERGED,True,True,False
5,26,陕西,True,False,14,8.09293112524756e-08,HJB_CONVERGED,True,True,False
5,27,甘肃,False,True,100,0.2916079135927605,HJB_NONCONVERGED_DIAGNOSTIC_ONLY,True,True,False
5,28,青海,True,False,25,1.780460223699265e-10,HJB_CONVERGED,True,True,False
5,29,宁夏,False,True,100,5.272883720763843e-07,HJB_NONCONVERGED_DIAGNOSTIC_ONLY,True,True,False
5,30,新疆,True,False,30,5.051204343686777e-09,HJB_CONVERGED,True,True,True
6,0,北京,True,False,28,7.487050979193555e-10,HJB_CONVERGED,True,True,True
6,1,天津,True,False,24,3.6378589030050534e-10,HJB_CONVERGED,True,True,False
6,2,河北,True,False,13,7.775793786635177e-09,HJB_CONVERGED,True,True,True
6,3,山西,True,False,13,1.0107091164002213e-08,HJB_CONVERGED,True,True,True
6,4,内蒙古,True,False,25,9.057507233123374e-08,HJB_CONVERGED,True,True,False
6,5,辽宁,True,False,15,4.1250566518158394e-08,HJB_CONVERGED,True,True,True
6,6,吉林,True,False,26,1.5372827455450988e-09,HJB_CONVERGED,True,True,False
6,7,黑龙江,True,False,42,2.457094083752054e-09,HJB_CONVERGED,True,True,False
6,8,上海,True,False,28,8.617208280270461e-08,HJB_CONVERGED,True,True,False
6,9,江苏,True,False,14,1.4525416425215099e-09,HJB_CONVERGED,True,True,False
6,10,浙江,True,False,16,3.848605878431499e-10,HJB_CONVERGED,True,True,False
6,11,安徽,True,False,14,4.2789682908050963e-10,HJB_CONVERGED,True,True,True
6,12,福建,True,False,15,6.236347882548898e-09,HJB_CONVERGED,True,True,False
6,13,江西,True,False,14,1.5705277078836843e-09,HJB_CONVERGED,True,True,True
6,14,山东,True,False,16,1.0571526765090766e-08,HJB_CONVERGED,True,True,True
6,15,河南,True,False,13,5.201735486792813e-09,HJB_CONVERGED,True,True,True
6,16,湖北,True,False,13,4.964905819804244e-09,HJB_CONVERGED,True,True,True
6,17,湖南,True,False,14,3.158864281260776e-10,HJB_CONVERGED,True,True,True
6,18,广东,True,False,13,1.4169943440833777e-08,HJB_CONVERGED,True,True,True
6,19,广西,True,False,14,2.846657132238306e-09,HJB_CONVERGED,True,True,True
6,20,海南,True,False,15,4.893411009732063e-09,HJB_CONVERGED,True,True,False
6,21,重庆,True,False,13,1.170216457069273e-08,HJB_CONVERGED,True,True,True
6,22,四川,True,False,14,1.7474555136232084e-10,HJB_CONVERGED,True,True,True
6,23,贵州,True,False,13,2.089666484295094e-08,HJB_CONVERGED,True,True,True
6,24,云南,True,False,13,1.5119774321448176e-08,HJB_CONVERGED,True,True,False
6,25,西藏,True,False,16,2.7247497591531555e-09,HJB_CONVERGED,True,True,False
6,26,陕西,True,False,16,1.2736292021031659e-09,HJB_CONVERGED,True,True,False
6,27,甘肃,True,False,13,2.1825961926680293e-08,HJB_CONVERGED,True,True,True
6,28,青海,True,False,27,3.0985392029947434e-10,HJB_CONVERGED,True,True,False
6,29,宁夏,True,False,25,7.466373297404516e-09,HJB_CONVERGED,True,True,True
6,30,新疆,True,False,16,2.6816491249803676e-09,HJB_CONVERGED,True,True,True
7,0,北京,True,False,25,9.253131594277875e-08,HJB_CONVERGED,True,True,True
7,1,天津,True,False,22,2.3601921750326937e-08,HJB_CONVERGED,True,True,False
7,2,河北,True,False,13,1.2575338548259651e-08,HJB_CONVERGED,True,True,True
7,3,山西,True,False,13,3.348965993410502e-08,HJB_CONVERGED,True,True,True
7,4,内蒙古,True,False,25,8.148104413407964e-11,HJB_CONVERGED,True,True,False
7,5,辽宁,True,False,15,7.641838273286794e-09,HJB_CONVERGED,True,True,True
7,6,吉林,True,False,25,4.4001397192516833e-08,HJB_CONVERGED,True,True,False
7,7,黑龙江,True,False,20,1.6341956232679422e-08,HJB_CONVERGED,True,True,False
7,8,上海,True,False,25,8.49650869660934e-08,HJB_CONVERGED,True,True,False
7,9,江苏,True,False,15,7.805867729970828e-09,HJB_CONVERGED,True,True,False
7,10,浙江,True,False,16,4.761234317918195e-08,HJB_CONVERGED,True,True,False
7,11,安徽,True,False,13,5.435163741296378e-08,HJB_CONVERGED,True,True,True
7,12,福建,True,False,17,2.3636907986457345e-08,HJB_CONVERGED,True,True,False
7,13,江西,True,False,14,1.8474288765446545e-10,HJB_CONVERGED,True,True,True
7,14,山东,True,False,39,4.084527871484056e-08,HJB_CONVERGED,True,True,True
7,15,河南,True,False,13,1.0102032099723601e-08,HJB_CONVERGED,True,True,True
7,16,湖北,True,False,13,5.653273404959691e-09,HJB_CONVERGED,True,True,True
7,17,湖南,True,False,13,2.1865166122125856e-08,HJB_CONVERGED,True,True,True
7,18,广东,True,False,13,8.256917816140685e-09,HJB_CONVERGED,True,True,True
7,19,广西,True,False,13,1.8954964264850105e-08,HJB_CONVERGED,True,True,True
7,20,海南,True,False,13,1.283394146511796e-08,HJB_CONVERGED,True,True,False
7,21,重庆,True,False,13,7.682580349666068e-09,HJB_CONVERGED,True,True,True
7,22,四川,True,False,14,1.3603536075379452e-09,HJB_CONVERGED,True,True,True
7,23,贵州,True,False,14,2.4507036400223114e-09,HJB_CONVERGED,True,True,True
7,24,云南,True,False,14,3.2642293312790116e-09,HJB_CONVERGED,True,True,False
7,25,西藏,True,False,16,2.700363044283449e-09,HJB_CONVERGED,True,True,False
7,26,陕西,True,False,21,4.770721595548366e-10,HJB_CONVERGED,True,True,False
7,27,甘肃,True,False,14,2.297065648804164e-09,HJB_CONVERGED,True,True,True
7,28,青海,True,False,25,1.12303766286459e-09,HJB_CONVERGED,True,True,False
7,29,宁夏,True,False,25,5.827266269520237e-08,HJB_CONVERGED,True,True,True
7,30,新疆,True,False,16,2.659289233264417e-09,HJB_CONVERGED,True,True,True
8,0,北京,True,False,26,8.56617119460168e-08,HJB_CONVERGED,True,True,True
8,1,天津,True,False,22,4.12554630457862e-08,HJB_CONVERGED,True,True,False
8,2,河北,True,False,13,1.2965046369828315e-08,HJB_CONVERGED,True,True,True
8,3,山西,True,False,13,3.195007991507737e-08,HJB_CONVERGED,True,True,True
8,4,内蒙古,True,False,25,1.0972778241580272e-10,HJB_CONVERGED,True,True,False
8,5,辽宁,True,False,15,7.658929490617084e-09,HJB_CONVERGED,True,True,True
8,6,吉林,True,False,25,5.0817188235185995e-08,HJB_CONVERGED,True,True,False
8,7,黑龙江,False,True,100,0.6293675726381389,HJB_NONCONVERGED_DIAGNOSTIC_ONLY,True,True,False
8,8,上海,True,False,28,6.936851093541918e-11,HJB_CONVERGED,True,True,False
8,9,江苏,True,False,15,1.2096581514242644e-08,HJB_CONVERGED,True,True,False
8,10,浙江,True,False,15,5.1189268601703475e-08,HJB_CONVERGED,True,True,False
8,11,安徽,True,False,13,5.718110607233484e-08,HJB_CONVERGED,True,True,True
8,12,福建,True,False,17,2.2318688674971554e-08,HJB_CONVERGED,True,True,False
8,13,江西,True,False,14,1.844737695932963e-10,HJB_CONVERGED,True,True,True
8,14,山东,False,True,100,0.08109463792040295,HJB_NONCONVERGED_DIAGNOSTIC_ONLY,True,True,False
8,15,河南,True,False,13,9.670293454888679e-09,HJB_CONVERGED,True,True,True
8,16,湖北,True,False,13,5.391703084001165e-09,HJB_CONVERGED,True,True,True
8,17,湖南,True,False,13,2.265039977800143e-08,HJB_CONVERGED,True,True,True
8,18,广东,True,False,13,8.326408451608813e-09,HJB_CONVERGED,True,True,True
8,19,广西,True,False,13,1.8937286405673603e-08,HJB_CONVERGED,True,True,True
8,20,海南,True,False,13,1.2770658752714326e-08,HJB_CONVERGED,True,True,False
8,21,重庆,True,False,13,7.692567915995596e-09,HJB_CONVERGED,True,True,True
8,22,四川,True,False,14,1.3861525260949747e-09,HJB_CONVERGED,True,True,True
8,23,贵州,True,False,14,2.4671975573653526e-09,HJB_CONVERGED,True,True,True
8,24,云南,True,False,14,3.3318339198729063e-09,HJB_CONVERGED,True,True,False
8,25,西藏,True,False,16,2.7007880376572757e-09,HJB_CONVERGED,True,True,False
8,26,陕西,True,False,20,7.671226098793227e-09,HJB_CONVERGED,True,True,False
8,27,甘肃,True,False,14,2.2897044260616894e-09,HJB_CONVERGED,True,True,True
8,28,青海,True,False,24,1.786792935831727e-09,HJB_CONVERGED,True,True,False
8,29,宁夏,True,False,25,5.056245022672101e-08,HJB_CONVERGED,True,True,True
8,30,新疆,True,False,16,2.6587549939449673e-09,HJB_CONVERGED,True,True,True
9,0,北京,True,False,26,7.397397583375209e-08,HJB_CONVERGED,True,True,True
9,1,天津,True,False,22,1.867502952279665e-08,HJB_CONVERGED,True,True,False
9,2,河北,True,False,13,1.3246562513558047e-08,HJB_CONVERGED,True,True,True
9,3,山西,True,False,13,3.1720134963109103e-08,HJB_CONVERGED,True,True,True
9,4,内蒙古,True,False,25,9.157075098187306e-11,HJB_CONVERGED,True,True,False
9,5,辽宁,True,False,15,7.601044682559177e-09,HJB_CONVERGED,True,True,True
9,6,吉林,True,False,28,2.5947728410358195e-09,HJB_CONVERGED,True,True,False
9,7,黑龙江,True,False,67,6.457545165261536e-09,HJB_CONVERGED,True,True,True
9,8,上海,True,False,25,9.693154545686866e-08,HJB_CONVERGED,True,True,False
9,9,江苏,True,False,15,1.9138987727984613e-08,HJB_CONVERGED,True,True,False
9,10,浙江,True,False,15,3.302392248549779e-08,HJB_CONVERGED,True,True,False
9,11,安徽,True,False,13,5.931594548869157e-08,HJB_CONVERGED,True,True,True
9,12,福建,True,False,17,2.1187437138081577e-08,HJB_CONVERGED,True,True,False
9,13,江西,True,False,14,1.8627988040975652e-10,HJB_CONVERGED,True,True,True
9,14,山东,True,False,32,3.5545921761581667e-10,HJB_CONVERGED,True,True,True
9,15,河南,True,False,13,9.328072980707702e-09,HJB_CONVERGED,True,True,True
9,16,湖北,True,False,13,5.2072617329201876e-09,HJB_CONVERGED,True,True,True
9,17,湖南,True,False,13,2.311196700688356e-08,HJB_CONVERGED,True,True,True
9,18,广东,True,False,13,8.376635829421275e-09,HJB_CONVERGED,True,True,True
9,19,广西,True,False,13,1.8944072532889322e-08,HJB_CONVERGED,True,True,True
9,20,海南,True,False,13,1.2714334918229042e-08,HJB_CONVERGED,True,True,False
9,21,重庆,True,False,13,7.671128621211665e-09,HJB_CONVERGED,True,True,True
9,22,四川,True,False,14,1.402388427607093e-09,HJB_CONVERGED,True,True,True
9,23,贵州,True,False,14,2.468274473699239e-09,HJB_CONVERGED,True,True,True
9,24,云南,True,False,14,3.2258773430271503e-09,HJB_CONVERGED,True,True,False
9,25,西藏,True,False,16,2.700704548885824e-09,HJB_CONVERGED,True,True,False
9,26,陕西,True,False,22,7.149805192341319e-10,HJB_CONVERGED,True,True,False
9,27,甘肃,True,False,14,2.2763289031502154e-09,HJB_CONVERGED,True,True,True
9,28,青海,True,False,15,2.8337727719929262e-09,HJB_CONVERGED,True,True,False
9,29,宁夏,False,True,100,0.05203264993636458,HJB_NONCONVERGED_DIAGNOSTIC_ONLY,True,True,False
9,30,新疆,True,False,16,2.658276265776749e-09,HJB_CONVERGED,True,True,True
10,0,北京,True,False,25,6.38161514743274e-08,HJB_CONVERGED,True,True,True
10,1,天津,True,False,23,1.1115790510274337e-08,HJB_CONVERGED,True,True,False
10,2,河北,True,False,13,1.4427513850279183e-08,HJB_CONVERGED,True,True,True
10,3,山西,True,False,13,3.4360480682948946e-08,HJB_CONVERGED,True,True,True
10,4,内蒙古,True,False,25,5.7836846423242605e-11,HJB_CONVERGED,True,True,False
10,5,辽宁,True,False,15,7.602645180071477e-09,HJB_CONVERGED,True,True,True
10,6,吉林,True,False,25,3.270266724086923e-09,HJB_CONVERGED,True,True,False
10,7,黑龙江,True,False,20,1.6021237225771756e-08,HJB_CONVERGED,True,True,True
10,8,上海,True,False,26,8.475336255031607e-08,HJB_CONVERGED,True,True,False
10,9,江苏,True,False,15,2.3544459493152203e-08,HJB_CONVERGED,True,True,False
10,10,浙江,True,False,15,2.953080202594549e-08,HJB_CONVERGED,True,True,False
10,11,安徽,True,False,13,6.800505314430438e-08,HJB_CONVERGED,True,True,True
10,12,福建,True,False,15,7.104183907813422e-11,HJB_CONVERGED,True,True,False
10,13,江西,True,False,14,1.9272405893389077e-10,HJB_CONVERGED,True,True,True
10,14,山东,False,True,100,0.022348375275327292,HJB_NONCONVERGED_DIAGNOSTIC_ONLY,True,True,False
10,15,河南,True,False,13,8.374449578241183e-09,HJB_CONVERGED,True,True,True
10,16,湖北,True,False,13,4.706791845165981e-09,HJB_CONVERGED,True,True,True
10,17,湖南,True,False,13,2.52503236097823e-08,HJB_CONVERGED,True,True,True
10,18,广东,True,False,13,8.583481925228398e-09,HJB_CONVERGED,True,True,True
10,19,广西,True,False,13,1.898865731320143e-08,HJB_CONVERGED,True,True,True
10,20,海南,True,False,13,1.2552010542066228e-08,HJB_CONVERGED,True,True,False
10,21,重庆,True,False,13,7.589521455741988e-09,HJB_CONVERGED,True,True,True
10,22,四川,True,False,14,1.4597993924780894e-09,HJB_CONVERGED,True,True,True
10,23,贵州,True,False,14,2.4276212151619347e-09,HJB_CONVERGED,True,True,True
10,24,云南,True,False,14,2.8924747041969567e-09,HJB_CONVERGED,True,True,False
10,25,西藏,True,False,16,2.7025093274346546e-09,HJB_CONVERGED,True,True,False
10,26,陕西,True,False,22,7.708806926132183e-10,HJB_CONVERGED,True,True,False
10,27,甘肃,True,False,14,2.216234751273305e-09,HJB_CONVERGED,True,True,True
10,28,青海,True,False,15,2.8219986347721715e-09,HJB_CONVERGED,True,True,False
10,29,宁夏,True,False,32,3.1091484942180614e-10,HJB_CONVERGED,True,True,True
10,30,新疆,True,False,16,2.6593265367580443e-09,HJB_CONVERGED,True,True,True
11,0,北京,True,False,25,9.413834689553369e-08,HJB_CONVERGED,True,True,True
11,1,天津,True,False,22,9.792516575402033e-09,HJB_CONVERGED,True,True,False
11,2,河北,True,False,13,1.4772413514663185e-08,HJB_CONVERGED,True,True,True
11,3,山西,True,False,13,3.50093993795042e-08,HJB_CONVERGED,True,True,True
11,4,内蒙古,True,False,24,5.141306758105202e-08,HJB_CONVERGED,True,True,False
11,5,辽宁,True,False,15,7.754298092521594e-09,HJB_CONVERGED,True,True,True
11,6,吉林,True,False,15,5.195327146267914e-08,HJB_CONVERGED,True,True,False
11,7,黑龙江,True,False,20,5.516298529073538e-11,HJB_CONVERGED,True,True,True
11,8,上海,True,False,26,5.4085180778429276e-11,HJB_CONVERGED,True,True,False
11,9,江苏,True,False,16,1.0541167938526996e-10,HJB_CONVERGED,True,True,False
11,10,浙江,True,False,15,2.672417021010176e-08,HJB_CONVERGED,True,True,False
11,11,安徽,True,False,13,7.11936709585359e-08,HJB_CONVERGED,True,True,True
11,12,福建,True,False,15,6.548139808160158e-11,HJB_CONVERGED,True,True,False
11,13,江西,True,False,14,5.299880534437307e-10,HJB_CONVERGED,True,True,True
11,14,山东,True,False,37,1.223452450460627e-10,HJB_CONVERGED,True,True,True
11,15,河南,True,False,13,8.085845326633034e-09,HJB_CONVERGED,True,True,True
11,16,湖北,True,False,13,4.549088661320866e-09,HJB_CONVERGED,True,True,True
11,17,湖南,True,False,13,2.587038316903545e-08,HJB_CONVERGED,True,True,True
11,18,广东,True,False,13,8.640917315005936e-09,HJB_CONVERGED,True,True,True
11,19,广西,True,False,13,1.899339263644606e-08,HJB_CONVERGED,True,True,True
11,20,海南,True,False,13,1.24894494746286e-08,HJB_CONVERGED,True,True,False
11,21,重庆,True,False,13,7.662722456558413e-09,HJB_CONVERGED,True,True,True
11,22,四川,True,False,14,1.4740937359647432e-09,HJB_CONVERGED,True,True,True
11,23,贵州,True,False,14,2.4147785993022808e-09,HJB_CONVERGED,True,True,True
11,24,云南,True,False,14,2.77221445799114e-09,HJB_CONVERGED,True,True,False
11,25,西藏,True,False,16,2.7023521198543676e-09,HJB_CONVERGED,True,True,False
11,26,陕西,True,False,22,9.977675796690733e-09,HJB_CONVERGED,True,True,False
11,27,甘肃,True,False,14,2.197237503054339e-09,HJB_CONVERGED,True,True,True
11,28,青海,True,False,13,4.420764199153382e-09,HJB_CONVERGED,True,True,False
11,29,宁夏,True,False,25,2.2966490931253247e-09,HJB_CONVERGED,True,True,True
11,30,新疆,True,False,16,2.659049425091098e-09,HJB_CONVERGED,True,True,True
12,0,北京,True,False,25,8.426677400308336e-08,HJB_CONVERGED,True,True,True
12,1,天津,True,False,22,9.786254917543147e-09,HJB_CONVERGED,True,True,False
12,2,河北,True,False,13,1.5094296479389868e-08,HJB_CONVERGED,True,True,True
12,3,山西,True,False,13,3.560207106900748e-08,HJB_CONVERGED,True,True,True
12,4,内蒙古,True,False,24,5.1833510816834405e-08,HJB_CONVERGED,True,True,False
12,5,辽宁,True,False,15,7.826868930749242e-09,HJB_CONVERGED,True,True,True
12,6,吉林,True,False,15,5.1990876492880034e-08,HJB_CONVERGED,True,True,False
12,7,黑龙江,True,False,20,6.19060753770384e-08,HJB_CONVERGED,True,True,True
12,8,上海,True,False,26,4.800471131716222e-11,HJB_CONVERGED,True,True,False
12,9,江苏,True,False,16,1.0941292316601903e-10,HJB_CONVERGED,True,True,False
12,10,浙江,True,False,25,1.2135211724384476e-08,HJB_CONVERGED,True,True,False
12,11,安徽,True,False,13,7.354552744587295e-08,HJB_CONVERGED,True,True,True
12,12,福建,True,False,15,6.336708935350543e-11,HJB_CONVERGED,True,True,False
12,13,江西,True,False,14,5.263331992466647e-10,HJB_CONVERGED,True,True,True
12,14,山东,True,False,34,8.380035843025269e-08,HJB_CONVERGED,True,True,True
12,15,河南,True,False,13,7.919092048780385e-09,HJB_CONVERGED,True,True,True
12,16,湖北,True,False,13,4.460896541047532e-09,HJB_CONVERGED,True,True,True
12,17,湖南,True,False,13,2.6387414919781804e-08,HJB_CONVERGED,True,True,True
12,18,广东,True,False,13,8.682271790405593e-09,HJB_CONVERGED,True,True,True
12,19,广西,True,False,13,1.8999781303818963e-08,HJB_CONVERGED,True,True,True
12,20,海南,True,False,13,1.2456650821945914e-08,HJB_CONVERGED,True,True,False
12,21,重庆,True,False,13,7.701289828077051e-09,HJB_CONVERGED,True,True,True
12,22,四川,True,False,14,1.48467727001389e-09,HJB_CONVERGED,True,True,True
12,23,贵州,True,False,14,2.4058057768172603e-09,HJB_CONVERGED,True,True,True
12,24,云南,True,False,14,2.7203435060130232e-09,HJB_CONVERGED,True,True,False
12,25,西藏,True,False,16,2.7027220461661727e-09,HJB_CONVERGED,True,True,False
12,26,陕西,True,False,24,3.5564884370842265e-11,HJB_CONVERGED,True,True,False
12,27,甘肃,True,False,14,2.1842754271972353e-09,HJB_CONVERGED,True,True,True
12,28,青海,True,False,13,4.348390536534907e-09,HJB_CONVERGED,True,True,False
12,29,宁夏,True,False,25,2.669785725828433e-09,HJB_CONVERGED,True,True,True
12,30,新疆,True,False,16,2.6592794633018e-09,HJB_CONVERGED,True,True,True
13,0,北京,True,False,26,5.7208460191304766e-11,HJB_CONVERGED,True,True,True
13,1,天津,True,False,22,3.3071323457534163e-10,HJB_CONVERGED,True,True,False
13,2,河北,True,False,13,1.5455651425355654e-08,HJB_CONVERGED,True,True,True
13,3,山西,True,False,13,3.616514332449583e-08,HJB_CONVERGED,True,True,True
13,4,内蒙古,True,False,24,4.998934599598215e-11,HJB_CONVERGED,True,True,False
13,5,辽宁,True,False,15,8.160113917909939e-09,HJB_CONVERGED,True,True,True
13,6,吉林,True,False,12,5.312562478820837e-08,HJB_CONVERGED,True,True,False
13,7,黑龙江,True,False,21,3.5177505353090055e-10,HJB_CONVERGED,True,True,True
13,8,上海,True,False,25,8.81420949561118e-08,HJB_CONVERGED,True,True,False
13,9,江苏,True,False,16,1.188369402882472e-10,HJB_CONVERGED,True,True,False
13,10,浙江,True,False,15,2.511200136723346e-10,HJB_CONVERGED,True,True,False
13,11,安徽,True,False,13,7.689023240331494e-08,HJB_CONVERGED,True,True,True
13,12,福建,True,False,15,2.0697843439165808e-10,HJB_CONVERGED,True,True,False
13,13,江西,True,False,14,5.19114085051342e-10,HJB_CONVERGED,True,True,True
13,14,山东,True,False,35,5.39248867781339e-10,HJB_CONVERGED,True,True,True
13,15,河南,True,False,13,7.585500672036005e-09,HJB_CONVERGED,True,True,True
13,16,湖北,True,False,13,4.273960740874827e-09,HJB_CONVERGED,True,True,True
13,17,湖南,True,False,13,2.709210189522082e-08,HJB_CONVERGED,True,True,True
13,18,广东,True,False,13,8.748224811228056e-09,HJB_CONVERGED,True,True,True
13,19,广西,True,False,13,1.8991385353217538e-08,HJB_CONVERGED,True,True,True
13,20,海南,True,False,13,1.2374434810169532e-08,HJB_CONVERGED,True,True,False
13,21,重庆,True,False,13,7.761013609552947e-09,HJB_CONVERGED,True,True,True
13,22,四川,True,False,14,1.4994432362414045e-09,HJB_CONVERGED,True,True,True
13,23,贵州,True,False,14,2.389199504904127e-09,HJB_CONVERGED,True,True,True
13,24,云南,True,False,14,2.6013959875115233e-09,HJB_CONVERGED,True,True,False
13,25,西藏,True,False,16,2.701852963582496e-09,HJB_CONVERGED,True,True,False
13,26,陕西,True,False,47,2.7246822575932583e-09,HJB_CONVERGED,True,True,False
13,27,甘肃,True,False,14,2.1634414260063295e-09,HJB_CONVERGED,True,True,True
13,28,青海,True,False,12,3.0952813201423623e-08,HJB_CONVERGED,True,True,False
13,29,宁夏,True,False,23,3.9261749407160096e-10,HJB_CONVERGED,True,True,True
13,30,新疆,True,False,16,2.6584632273340958e-09,HJB_CONVERGED,True,True,True
14,0,北京,True,False,26,5.3287152468328713e-11,HJB_CONVERGED,True,True,True
14,1,天津,True,False,22,3.306519502643823e-10,HJB_CONVERGED,True,True,False
14,2,河北,True,False,13,1.561625317947346e-08,HJB_CONVERGED,True,True,True
14,3,山西,True,False,13,3.644245305522986e-08,HJB_CONVERGED,True,True,True
14,4,内蒙古,True,False,24,3.827826944302615e-11,HJB_CONVERGED,True,True,False
14,5,辽宁,True,False,15,8.201529233531346e-09,HJB_CONVERGED,True,True,True
14,6,吉林,True,False,12,5.3079346695739105e-08,HJB_CONVERGED,True,True,False
14,7,黑龙江,True,False,21,3.5051028746124757e-10,HJB_CONVERGED,True,True,True
14,8,上海,True,False,25,8.374130278099301e-08,HJB_CONVERGED,True,True,False
14,9,江苏,True,False,16,9.794498545545594e-11,HJB_CONVERGED,True,True,False
14,10,浙江,True,False,15,9.345568763308165e-10,HJB_CONVERGED,True,True,False
14,11,安徽,True,False,13,7.723931583214494e-08,HJB_CONVERGED,True,True,True
14,12,福建,True,False,15,2.0229373731694977e-10,HJB_CONVERGED,True,True,False
14,13,江西,True,False,14,5.173590444940146e-10,HJB_CONVERGED,True,True,True
14,14,山东,False,True,100,0.007099899438037349,HJB_NONCONVERGED_DIAGNOSTIC_ONLY,True,True,False
14,15,河南,True,False,13,7.514319388945978e-09,HJB_CONVERGED,True,True,True
14,16,湖北,True,False,13,4.236262007850655e-09,HJB_CONVERGED,True,True,True
14,17,湖南,True,False,13,2.7352732079322095e-08,HJB_CONVERGED,True,True,True
14,18,广东,True,False,13,8.767842007983973e-09,HJB_CONVERGED,True,True,True
14,19,广西,True,False,13,1.8994088968327105e-08,HJB_CONVERGED,True,True,True
14,20,海南,True,False,13,1.2358524870137444e-08,HJB_CONVERGED,True,True,False
14,21,重庆,True,False,13,7.780099231524673e-09,HJB_CONVERGED,True,True,True
14,22,四川,True,False,14,1.5041563550255432e-09,HJB_CONVERGED,True,True,True
14,23,贵州,True,False,14,2.3847199770443694e-09,HJB_CONVERGED,True,True,True
14,24,云南,True,False,14,2.576476365589997e-09,HJB_CONVERGED,True,True,False
14,25,西藏,True,False,16,2.702043477853522e-09,HJB_CONVERGED,True,True,False
14,26,陕西,False,True,100,0.3598196312513091,HJB_NONCONVERGED_DIAGNOSTIC_ONLY,True,True,False
14,27,甘肃,True,False,14,2.157208189856874e-09,HJB_CONVERGED,True,True,True
14,28,青海,True,False,12,3.088144939766835e-08,HJB_CONVERGED,True,True,False
14,29,宁夏,True,False,23,4.049081070434113e-10,HJB_CONVERGED,True,True,True
14,30,新疆,True,False,16,2.6585738055473485e-09,HJB_CONVERGED,True,True,True
15,0,北京,True,False,25,2.746911365036908e-08,HJB_CONVERGED,True,True,True
15,1,天津,True,False,13,1.8391236977777226e-08,HJB_CONVERGED,True,True,False
15,2,河北,True,False,13,1.597120347085479e-08,HJB_CONVERGED,True,True,True
15,3,山西,True,False,13,3.6990000840120274e-08,HJB_CONVERGED,True,True,True
15,4,内蒙古,True,False,13,5.071519604271657e-08,HJB_CONVERGED,True,True,False
15,5,辽宁,True,False,15,5.514926293415101e-09,HJB_CONVERGED,True,True,True
15,6,吉林,True,False,12,1.8760139219864413e-08,HJB_CONVERGED,True,True,False
15,7,黑龙江,True,False,26,8.546076735171937e-09,HJB_CONVERGED,True,True,True
15,8,上海,True,False,25,5.483975229481075e-08,HJB_CONVERGED,True,True,False
15,9,江苏,True,False,15,9.48058520577888e-10,HJB_CONVERGED,True,True,False
15,10,浙江,True,False,15,2.2008750377722208e-10,HJB_CONVERGED,True,True,False
15,11,安徽,True,False,13,7.823208081347843e-08,HJB_CONVERGED,True,True,True
15,12,福建,True,False,15,1.684248296385249e-10,HJB_CONVERGED,True,True,False
15,13,江西,True,False,14,5.103157896257926e-10,HJB_CONVERGED,True,True,True
15,14,山东,True,False,90,3.5223108874049558e-09,HJB_CONVERGED,True,True,True
15,15,河南,True,False,13,6.539957908557881e-09,HJB_CONVERGED,True,True,True
15,16,湖北,True,False,13,4.066845527006535e-09,HJB_CONVERGED,True,True,True
15,17,湖南,True,False,13,2.806790844189777e-08,HJB_CONVERGED,True,True,True
15,18,广东,True,False,13,8.831595454950047e-09,HJB_CONVERGED,True,True,True
15,19,广西,True,False,13,1.898343748862885e-08,HJB_CONVERGED,True,True,True
15,20,海南,True,False,13,1.2273455585187776e-08,HJB_CONVERGED,True,True,False
15,21,重庆,True,False,13,7.838439675111886e-09,HJB_CONVERGED,True,True,True
15,22,四川,True,False,14,1.5174688172692186e-09,HJB_CONVERGED,True,True,True
15,23,贵州,True,False,14,2.367587015328354e-09,HJB_CONVERGED,True,True,True
15,24,云南,True,False,14,2.461868486847152e-09,HJB_CONVERGED,True,True,False
15,25,西藏,True,False,16,2.7011974879087575e-09,HJB_CONVERGED,True,True,False
15,26,陕西,True,False,52,6.539968566698917e-11,HJB_CONVERGED,True,True,True
15,27,甘肃,True,False,14,2.1355561763414244e-09,HJB_CONVERGED,True,True,True
15,28,青海,True,False,12,3.1614036277716195e-08,HJB_CONVERGED,True,True,False
15,29,宁夏,True,False,13,2.2071907856968664e-08,HJB_CONVERGED,True,True,True
15,30,新疆,True,False,16,2.6577353651191515e-09,HJB_CONVERGED,True,True,True
16,0,北京,True,False,27,9.762368691212941e-11,HJB_CONVERGED,True,True,True
16,1,天津,True,False,13,1.696687679242359e-08,HJB_CONVERGED,True,True,False
16,2,河北,True,False,13,1.6543349801168006e-08,HJB_CONVERGED,True,True,True
16,3,山西,True,False,13,7.636197008054069e-08,HJB_CONVERGED,True,True,True
16,4,内蒙古,True,False,13,4.5258250036539494e-08,HJB_CONVERGED,True,True,False
16,5,辽宁,True,False,15,5.5059543591085e-09,HJB_CONVERGED,True,True,True
16,6,吉林,True,False,12,1.8694978454192324e-08,HJB_CONVERGED,True,True,False
16,7,黑龙江,True,False,26,7.772900545433004e-09,HJB_CONVERGED,True,True,True
16,8,上海,True,False,25,4.6730394664962205e-08,HJB_CONVERGED,True,True,False
16,9,江苏,True,False,15,9.580092275029983e-10,HJB_CONVERGED,True,True,False
16,10,浙江,True,False,15,4.6852123070095786e-08,HJB_CONVERGED,True,True,False
16,11,安徽,True,False,13,7.935687973414929e-08,HJB_CONVERGED,True,True,True
16,12,福建,True,False,14,6.428614973685853e-09,HJB_CONVERGED,True,True,False
16,13,江西,True,False,14,5.049973772486283e-10,HJB_CONVERGED,True,True,True
16,14,山东,False,True,100,0.001943524116240436,HJB_NONCONVERGED_DIAGNOSTIC_ONLY,True,True,False
16,15,河南,True,False,13,6.290373111283998e-09,HJB_CONVERGED,True,True,True
16,16,湖北,True,False,13,3.96444121975037e-09,HJB_CONVERGED,True,True,True
16,17,湖南,True,False,13,2.8887709557778862e-08,HJB_CONVERGED,True,True,True
16,18,广东,True,False,13,8.886912539196601e-09,HJB_CONVERGED,True,True,True
16,19,广西,True,False,13,1.8989522398982217e-08,HJB_CONVERGED,True,True,True
16,20,海南,True,False,13,1.2229065760038793e-08,HJB_CONVERGED,True,True,False
16,21,重庆,True,False,13,7.895762710319332e-09,HJB_CONVERGED,True,True,True
16,22,四川,True,False,14,1.5305547940158704e-09,HJB_CONVERGED,True,True,True
16,23,贵州,True,False,14,2.3541657512282654e-09,HJB_CONVERGED,True,True,True
16,24,云南,True,False,14,2.39238984178769e-09,HJB_CONVERGED,True,True,False
16,25,西藏,True,False,16,2.701755263956329e-09,HJB_CONVERGED,True,True,False
16,26,陕西,True,False,20,8.698040177002042e-08,HJB_CONVERGED,True,True,True
16,27,甘肃,True,False,14,2.115108532763088e-09,HJB_CONVERGED,True,True,True
16,28,青海,True,False,12,3.140962423486826e-08,HJB_CONVERGED,True,True,False
16,29,宁夏,True,False,13,2.0364500308289735e-08,HJB_CONVERGED,True,True,True
16,30,新疆,True,False,16,2.658121722731721e-09,HJB_CONVERGED,True,True,True
17,0,北京,True,False,26,8.609646329205134e-11,HJB_CONVERGED,True,True,True
17,1,天津,True,False,12,1.6614555509164575e-08,HJB_CONVERGED,True,True,False
17,2,河北,True,False,13,1.6663694424323694e-08,HJB_CONVERGED,True,True,True
17,3,山西,True,False,13,7.653206113289457e-08,HJB_CONVERGED,True,True,True
17,4,内蒙古,True,False,12,4.24974260226918e-08,HJB_CONVERGED,True,True,False
17,5,辽宁,True,False,46,4.098918848782773e-08,HJB_CONVERGED,True,True,True
17,6,吉林,True,False,12,1.8602507090292875e-08,HJB_CONVERGED,True,True,False
17,7,黑龙江,True,False,15,3.548933591446257e-09,HJB_CONVERGED,True,True,True
17,8,上海,True,False,25,3.267146286844991e-08,HJB_CONVERGED,True,True,False
17,9,江苏,True,False,16,2.7382052181224026e-10,HJB_CONVERGED,True,True,False
17,10,浙江,True,False,16,1.227506984946558e-10,HJB_CONVERGED,True,True,False
17,11,安徽,True,False,13,7.981810590251825e-08,HJB_CONVERGED,True,True,True
17,12,福建,True,False,14,5.184112694678333e-09,HJB_CONVERGED,True,True,False
17,13,江西,True,False,14,5.011728809733995e-10,HJB_CONVERGED,True,True,True
17,14,山东,False,True,100,0.16567463632738022,HJB_NONCONVERGED_DIAGNOSTIC_ONLY,True,True,False
17,15,河南,True,False,13,6.109861061531774e-09,HJB_CONVERGED,True,True,True
17,16,湖北,True,False,13,3.87123222367336e-09,HJB_CONVERGED,True,True,True
17,17,湖南,True,False,13,2.9216969288370365e-08,HJB_CONVERGED,True,True,True
17,18,广东,True,False,13,8.919954552766285e-09,HJB_CONVERGED,True,True,True
17,19,广西,True,False,13,1.8976592741637432e-08,HJB_CONVERGED,True,True,True
17,20,海南,True,False,13,1.2176363028970627e-08,HJB_CONVERGED,True,True,False
17,21,重庆,True,False,13,7.921314271186475e-09,HJB_CONVERGED,True,True,True
17,22,四川,True,False,14,1.535931382079525e-09,HJB_CONVERGED,True,True,True
17,23,贵州,True,False,14,2.344754612693123e-09,HJB_CONVERGED,True,True,True
17,24,云南,True,False,14,2.3285253725191524e-09,HJB_CONVERGED,True,True,False
17,25,西藏,True,False,27,2.8258013706761176e-09,HJB_CONVERGED,True,True,False
17,26,陕西,True,False,16,1.9747528057223462e-09,HJB_CONVERGED,True,True,True
17,27,甘肃,True,False,14,2.10485451290765e-09,HJB_CONVERGED,True,True,True
17,28,青海,True,False,12,3.184919306065126e-08,HJB_CONVERGED,True,True,False
17,29,宁夏,True,False,12,4.1602665312723275e-08,HJB_CONVERGED,True,True,True
17,30,新疆,True,False,28,4.447109347438527e-11,HJB_CONVERGED,True,True,True
18,0,北京,True,False,26,8.322231792590173e-11,HJB_CONVERGED,True,True,True
18,1,天津,True,False,12,1.6521604528918488e-08,HJB_CONVERGED,True,True,False
18,2,河北,True,False,13,1.6758818777162787e-08,HJB_CONVERGED,True,True,True
18,3,山西,True,False,13,7.680802971421485e-08,HJB_CONVERGED,True,True,True
18,4,内蒙古,True,False,12,4.152242150112784e-08,HJB_CONVERGED,True,True,False
18,5,辽宁,True,False,41,1.1279643885586665e-10,HJB_CONVERGED,True,True,True
18,6,吉林,True,False,12,1.8584236372021223e-08,HJB_CONVERGED,True,True,False
18,7,黑龙江,True,False,15,3.5350868898831322e-09,HJB_CONVERGED,True,True,True
18,8,上海,True,False,25,3.1673983880153855e-08,HJB_CONVERGED,True,True,False
18,9,江苏,True,False,16,2.7518298750806025e-10,HJB_CONVERGED,True,True,False
18,10,浙江,True,False,16,1.2719425512841553e-10,HJB_CONVERGED,True,True,False
18,11,安徽,True,False,13,8.002412199559217e-08,HJB_CONVERGED,True,True,True
18,12,福建,True,False,14,5.0566884013392155e-09,HJB_CONVERGED,True,True,False
18,13,江西,True,False,14,5.001923319980506e-10,HJB_CONVERGED,True,True,True
18,14,山东,False,True,100,0.03776767727515207,HJB_NONCONVERGED_DIAGNOSTIC_ONLY,True,True,False
18,15,河南,True,False,13,6.0697087356231805e-09,HJB_CONVERGED,True,True,True
18,16,湖北,True,False,13,3.8537466551247235e-09,HJB_CONVERGED,True,True,True
18,17,湖南,True,False,13,2.9377934751551038e-08,HJB_CONVERGED,True,True,True
18,18,广东,True,False,13,8.930924000338791e-09,HJB_CONVERGED,True,True,True
18,19,广西,True,False,13,1.8977542204368092e-08,HJB_CONVERGED,True,True,True
18,20,海南,True,False,13,1.2166939455937609e-08,HJB_CONVERGED,True,True,False
18,21,重庆,True,False,13,7.931947987316335e-09,HJB_CONVERGED,True,True,True
18,22,四川,True,False,14,1.53822687920524e-09,HJB_CONVERGED,True,True,True
18,23,贵州,True,False,14,2.3420243522309647e-09,HJB_CONVERGED,True,True,True
18,24,云南,True,False,14,2.31511521064931e-09,HJB_CONVERGED,True,True,False
18,25,西藏,True,False,27,2.806918697473293e-09,HJB_CONVERGED,True,True,False
18,26,陕西,True,False,16,2.1206614242430533e-09,HJB_CONVERGED,True,True,True
18,27,甘肃,True,False,14,2.10133022093828e-09,HJB_CONVERGED,True,True,True
18,28,青海,True,False,12,3.188087971395248e-08,HJB_CONVERGED,True,True,False
18,29,宁夏,True,False,12,4.138370313100381e-08,HJB_CONVERGED,True,True,True
18,30,新疆,True,False,27,9.308223658521797e-08,HJB_CONVERGED,True,True,True
19,0,北京,True,False,26,6.015410392024023e-11,HJB_CONVERGED,True,True,True
19,1,天津,True,False,12,9.461611494288036e-09,HJB_CONVERGED,True,True,False
19,2,河北,True,False,13,5.290706539540224e-09,HJB_CONVERGED,True,True,True
19,3,山西,True,False,13,7.731374340735897e-08,HJB_CONVERGED,True,True,True
19,4,内蒙古,True,False,12,4.0340394136251234e-08,HJB_CONVERGED,True,True,False
19,5,辽宁,True,False,24,3.8476839492318504e-09,HJB_CONVERGED,True,True,True
19,6,吉林,True,False,12,1.8634918053095362e-08,HJB_CONVERGED,True,True,False
19,7,黑龙江,True,False,12,6.101883442966027e-08,HJB_CONVERGED,True,True,True
19,8,上海,True,False,27,8.464118295137268e-11,HJB_CONVERGED,True,True,False
19,9,江苏,True,False,16,2.8877833457841007e-10,HJB_CONVERGED,True,True,False
19,10,浙江,True,False,16,4.848574874927181e-10,HJB_CONVERGED,True,True,False
19,11,安徽,True,False,13,8.064324630296937e-08,HJB_CONVERGED,True,True,True
19,12,福建,True,False,15,1.4385442614894828e-08,HJB_CONVERGED,True,True,False
19,13,江西,True,False,14,4.959859190023508e-10,HJB_CONVERGED,True,True,True
19,14,山东,False,True,100,0.35314257548986827,HJB_NONCONVERGED_DIAGNOSTIC_ONLY,True,True,False
19,15,河南,True,False,13,5.888304510648368e-09,HJB_CONVERGED,True,True,True
19,16,湖北,True,False,13,3.764114797633056e-09,HJB_CONVERGED,True,True,True
19,17,湖南,True,False,13,2.98469378101629e-08,HJB_CONVERGED,True,True,True
19,18,广东,True,False,13,8.969571752004413e-09,HJB_CONVERGED,True,True,True
19,19,广西,True,False,13,1.896839840753728e-08,HJB_CONVERGED,True,True,True
19,20,海南,True,False,13,1.2113115843703781e-08,HJB_CONVERGED,True,True,False
19,21,重庆,True,False,13,7.965823556332907e-09,HJB_CONVERGED,True,True,True
19,22,四川,True,False,14,1.5450201118483164e-09,HJB_CONVERGED,True,True,True
19,23,贵州,True,False,14,2.3309687513517474e-09,HJB_CONVERGED,True,True,True
19,24,云南,True,False,14,2.2492545603824965e-09,HJB_CONVERGED,True,True,False
19,25,西藏,True,False,15,3.3144291755604627e-09,HJB_CONVERGED,True,True,False
19,26,陕西,True,False,13,1.1490194573582357e-08,HJB_CONVERGED,True,True,True
19,27,甘肃,True,False,14,2.088134998246005e-09,HJB_CONVERGED,True,True,True
19,28,青海,True,False,12,3.212215293757481e-08,HJB_CONVERGED,True,True,False
19,29,宁夏,True,False,12,4.040893752943475e-08,HJB_CONVERGED,True,True,True
19,30,新疆,True,False,15,8.660474692945286e-08,HJB_CONVERGED,True,True,True
20,0,北京,True,False,26,4.6781245544025296e-11,HJB_CONVERGED,True,True,True
20,1,天津,True,False,12,9.357508989893404e-09,HJB_CONVERGED,True,True,False
20,2,河北,True,False,13,5.300151428855315e-09,HJB_CONVERGED,True,True,True
20,3,山西,True,False,13,7.743780683355794e-08,HJB_CONVERGED,True,True,True
20,4,内蒙古,True,False,12,4.5528457892629604e-08,HJB_CONVERGED,True,True,False
20,5,辽宁,True,False,24,3.814172533367355e-09,HJB_CONVERGED,True,True,True
20,6,吉林,True,False,12,1.863089860165701e-08,HJB_CONVERGED,True,True,False
20,7,黑龙江,True,False,12,6.104087635350197e-08,HJB_CONVERGED,True,True,True
20,8,上海,True,False,27,8.642331295050099e-11,HJB_CONVERGED,True,True,False
20,9,江苏,True,False,16,2.893152384331188e-10,HJB_CONVERGED,True,True,False
20,10,浙江,True,False,16,4.904037176345355e-10,HJB_CONVERGED,True,True,False
20,11,安徽,True,False,13,8.07391384860523e-08,HJB_CONVERGED,True,True,True
20,12,福建,True,False,15,1.4369044176731904e-08,HJB_CONVERGED,True,True,False
20,13,江西,True,False,14,4.955431620601303e-10,HJB_CONVERGED,True,True,True
20,14,山东,False,True,100,0.16004225127433447,HJB_NONCONVERGED_DIAGNOSTIC_ONLY,True,True,False
20,15,河南,True,False,13,5.870924635331676e-09,HJB_CONVERGED,True,True,True
20,16,湖北,True,False,13,3.756615463146318e-09,HJB_CONVERGED,True,True,True
20,17,湖南,True,False,13,2.992349967811947e-08,HJB_CONVERGED,True,True,True
20,18,广东,True,False,13,8.974716525500526e-09,HJB_CONVERGED,True,True,True
20,19,广西,True,False,13,1.896880741369955e-08,HJB_CONVERGED,True,True,True
20,20,海南,True,False,13,1.2108754443573844e-08,HJB_CONVERGED,True,True,False
20,21,重庆,True,False,13,7.97070454083837e-09,HJB_CONVERGED,True,True,True
20,22,四川,True,False,14,1.5460441815662307e-09,HJB_CONVERGED,True,True,True
20,23,贵州,True,False,14,2.3296835571784413e-09,HJB_CONVERGED,True,True,True
20,24,云南,True,False,14,2.243219388020634e-09,HJB_CONVERGED,True,True,False
20,25,西藏,True,False,15,3.3146640987524734e-09,HJB_CONVERGED,True,True,False
20,26,陕西,True,False,13,1.0147791495995762e-08,HJB_CONVERGED,True,True,True
20,27,甘肃,True,False,14,2.086524286681879e-09,HJB_CONVERGED,True,True,True
20,28,青海,True,False,12,3.210364818428957e-08,HJB_CONVERGED,True,True,False
20,29,宁夏,True,False,12,4.034645506578727e-08,HJB_CONVERGED,True,True,True
20,30,新疆,True,False,15,8.661219830230493e-08,HJB_CONVERGED,True,True,True
21,0,北京,True,False,25,3.0347413471076834e-10,HJB_CONVERGED,True,True,True
21,1,天津,True,False,12,9.725046101749513e-09,HJB_CONVERGED,True,True,False
21,2,河北,True,False,24,2.849231073298597e-09,HJB_CONVERGED,True,True,True
21,3,山西,True,False,99,6.8939238762055766e-09,HJB_CONVERGED,True,True,True
21,4,内蒙古,True,False,12,4.501784056643032e-08,HJB_CONVERGED,True,True,False
21,5,辽宁,False,True,100,0.05874575415848571,HJB_NONCONVERGED_DIAGNOSTIC_ONLY,True,True,False
21,6,吉林,True,False,12,1.8768008924752166e-08,HJB_CONVERGED,True,True,False
21,7,黑龙江,True,False,12,3.754808508560359e-08,HJB_CONVERGED,True,True,True
21,8,上海,True,False,26,9.639933296057279e-11,HJB_CONVERGED,True,True,False
21,9,江苏,True,False,15,1.8562169579183774e-09,HJB_CONVERGED,True,True,False
21,10,浙江,True,False,15,1.0699174879391649e-10,HJB_CONVERGED,True,True,False
21,11,安徽,True,False,13,8.013556751507167e-08,HJB_CONVERGED,True,True,True
21,12,福建,True,False,15,1.429027118859949e-08,HJB_CONVERGED,True,True,False
21,13,江西,True,False,14,4.973639278205155e-10,HJB_CONVERGED,True,True,True
21,14,山东,False,True,100,0.006797551867114615,HJB_NONCONVERGED_DIAGNOSTIC_ONLY,True,True,False
21,15,河南,True,False,24,7.932564249912843e-08,HJB_CONVERGED,True,True,True
21,16,湖北,True,False,13,3.77055853206798e-09,HJB_CONVERGED,True,True,True
21,17,湖南,True,False,13,2.9429129355662553e-08,HJB_CONVERGED,True,True,True
21,18,广东,True,False,13,8.947994345476218e-09,HJB_CONVERGED,True,True,True
21,19,广西,True,False,27,6.727951529228449e-11,HJB_CONVERGED,True,True,True
21,20,海南,True,False,13,1.2112623792859267e-08,HJB_CONVERGED,True,True,False
21,21,重庆,True,False,13,7.94073029553033e-09,HJB_CONVERGED,True,True,True
21,22,四川,True,False,14,1.5397150221474476e-09,HJB_CONVERGED,True,True,True
21,23,贵州,True,False,14,2.335027282640567e-09,HJB_CONVERGED,True,True,True
21,24,云南,True,False,19,4.332266900775039e-08,HJB_CONVERGED,True,True,False
21,25,西藏,True,False,12,2.235726359600676e-08,HJB_CONVERGED,True,True,False
21,26,陕西,True,False,14,2.362519069265545e-10,HJB_CONVERGED,True,True,True
21,27,甘肃,True,False,14,2.0942030332093964e-09,HJB_CONVERGED,True,True,True
21,28,青海,True,False,12,3.272870330306432e-08,HJB_CONVERGED,True,True,False
21,29,宁夏,True,False,12,4.003039411060172e-08,HJB_CONVERGED,True,True,True
21,30,新疆,True,False,15,3.1761544505570782e-09,HJB_CONVERGED,True,True,True
22,0,北京,True,False,25,7.692690928706725e-11,HJB_CONVERGED,True,True,True
22,1,天津,True,False,12,1.029233320792855e-08,HJB_CONVERGED,True,True,False
22,2,河北,True,False,24,2.687805533696519e-10,HJB_CONVERGED,True,True,True
22,3,山西,False,True,100,0.17518880150884875,HJB_NONCONVERGED_DIAGNOSTIC_ONLY,True,True,False
22,4,内蒙古,True,False,12,3.856083985454006e-08,HJB_CONVERGED,True,True,False
22,5,辽宁,True,False,24,5.174679795771908e-09,HJB_CONVERGED,True,True,True
22,6,吉林,True,False,12,1.8724275019366132e-08,HJB_CONVERGED,True,True,False
22,7,黑龙江,True,False,12,5.380942980082182e-08,HJB_CONVERGED,True,True,True
22,8,上海,True,False,25,3.103877155297141e-10,HJB_CONVERGED,True,True,False
22,9,江苏,True,False,15,1.1301986013734222e-09,HJB_CONVERGED,True,True,False
22,10,浙江,True,False,16,1.4377929957731794e-09,HJB_CONVERGED,True,True,False
22,11,安徽,True,False,13,8.698643005899953e-08,HJB_CONVERGED,True,True,True
22,12,福建,True,False,16,1.3227608786081646e-08,HJB_CONVERGED,True,True,False
22,13,江西,True,False,14,4.691669275302957e-10,HJB_CONVERGED,True,True,True
22,14,山东,True,False,35,1.002635974245436e-09,HJB_CONVERGED,True,True,True
22,15,河南,True,False,25,3.845324059170707e-08,HJB_CONVERGED,True,True,True
22,16,湖北,True,False,13,3.361337430618505e-09,HJB_CONVERGED,True,True,True
22,17,湖南,True,False,13,3.4230788426015124e-08,HJB_CONVERGED,True,True,True
22,18,广东,True,False,13,9.572454384709772e-09,HJB_CONVERGED,True,True,True
22,19,广西,True,False,27,6.927836082581962e-11,HJB_CONVERGED,True,True,True
22,20,海南,True,False,13,1.1890246565116058e-08,HJB_CONVERGED,True,True,False
22,21,重庆,True,False,13,8.211065605223666e-09,HJB_CONVERGED,True,True,True
22,22,四川,True,False,14,1.589425480119644e-09,HJB_CONVERGED,True,True,True
22,23,贵州,True,False,14,2.2659887299880666e-09,HJB_CONVERGED,True,True,True
22,24,云南,True,False,21,2.5822526339425167e-09,HJB_CONVERGED,True,True,False
22,25,西藏,True,False,12,2.102452745234018e-08,HJB_CONVERGED,True,True,False
22,26,陕西,True,False,16,1.0205747358327244e-09,HJB_CONVERGED,True,True,True
22,27,甘肃,True,False,13,1.965862495012516e-08,HJB_CONVERGED,True,True,True
22,28,青海,True,False,12,3.2976743113977136e-08,HJB_CONVERGED,True,True,False
22,29,宁夏,True,False,12,3.483465338405267e-08,HJB_CONVERGED,True,True,True
22,30,新疆,True,False,15,3.1749549656012732e-09,HJB_CONVERGED,True,True,True
23,0,北京,True,False,25,1.0064571398515909e-10,HJB_CONVERGED,True,True,True
23,1,天津,True,False,12,1.0685348605932177e-08,HJB_CONVERGED,True,True,False
23,2,河北,True,False,23,7.400038271043741e-08,HJB_CONVERGED,True,True,True
23,3,山西,True,False,24,1.4918375867978284e-08,HJB_CONVERGED,True,True,True
23,4,内蒙古,True,False,12,3.87694312209419e-08,HJB_CONVERGED,True,True,False
23,5,辽宁,True,False,19,3.315429708550255e-08,HJB_CONVERGED,True,True,True
23,6,吉林,True,False,12,1.8879082297473815e-08,HJB_CONVERGED,True,True,False
23,7,黑龙江,True,False,12,5.648828826920749e-08,HJB_CONVERGED,True,True,True
23,8,上海,True,False,25,1.645377167847073e-10,HJB_CONVERGED,True,True,False
23,9,江苏,True,False,15,1.140375793795556e-09,HJB_CONVERGED,True,True,False
23,10,浙江,True,False,16,6.009517106164708e-09,HJB_CONVERGED,True,True,False
23,11,安徽,True,False,13,8.574610754763512e-08,HJB_CONVERGED,True,True,True
23,12,福建,True,False,16,1.3213553806679101e-08,HJB_CONVERGED,True,True,False
23,13,江西,True,False,14,4.722569002524324e-10,HJB_CONVERGED,True,True,True
23,14,山东,True,False,26,1.6875434383223364e-09,HJB_CONVERGED,True,True,True
23,15,河南,True,False,25,4.791422814065527e-09,HJB_CONVERGED,True,True,True
23,16,湖北,True,False,13,3.382313540356563e-09,HJB_CONVERGED,True,True,True
23,17,湖南,True,False,13,3.3415720412932615e-08,HJB_CONVERGED,True,True,True
23,18,广东,True,False,13,9.483893226303053e-09,HJB_CONVERGED,True,True,True
23,19,广西,True,False,25,1.4439738293958726e-10,HJB_CONVERGED,True,True,True
23,20,海南,True,False,26,3.8437564242599365e-10,HJB_CONVERGED,True,True,False
23,21,重庆,True,False,13,8.173569820968396e-09,HJB_CONVERGED,True,True,True
23,22,四川,True,False,14,1.5825749599684968e-09,HJB_CONVERGED,True,True,True
23,23,贵州,True,False,14,2.272601218322734e-09,HJB_CONVERGED,True,True,True
23,24,云南,True,False,25,3.502829759582937e-08,HJB_CONVERGED,True,True,False
23,25,西藏,True,False,12,5.531806124281502e-09,HJB_CONVERGED,True,True,False
23,26,陕西,True,False,27,6.04663874526068e-10,HJB_CONVERGED,True,True,True
23,27,甘肃,True,False,25,1.447985731317658e-09,HJB_CONVERGED,True,True,True
23,28,青海,True,False,12,3.370961065840561e-08,HJB_CONVERGED,True,True,False
23,29,宁夏,True,False,12,3.492309463837273e-08,HJB_CONVERGED,True,True,True
23,30,新疆,True,False,12,7.324095552263543e-09,HJB_CONVERGED,True,True,True
24,0,北京,True,False,25,1.0341238976252498e-10,HJB_CONVERGED,True,True,True
24,1,天津,True,False,12,1.0514849879683652e-08,HJB_CONVERGED,True,True,False
24,2,河北,True,False,24,9.0436547139916e-11,HJB_CONVERGED,True,True,True
24,3,山西,True,False,24,3.917249680185364e-08,HJB_CONVERGED,True,True,True
24,4,内蒙古,True,False,12,3.929399472468731e-08,HJB_CONVERGED,True,True,False
24,5,辽宁,True,False,18,2.1115420523187822e-09,HJB_CONVERGED,True,True,True
24,6,吉林,True,False,12,1.8782913002723944e-08,HJB_CONVERGED,True,True,False
24,7,黑龙江,True,False,12,4.8625342419228446e-08,HJB_CONVERGED,True,True,True
24,8,上海,True,False,25,1.7182655298597638e-10,HJB_CONVERGED,True,True,False
24,9,江苏,True,False,15,1.1436451785584723e-09,HJB_CONVERGED,True,True,False
24,10,浙江,True,False,16,6.303292110487746e-09,HJB_CONVERGED,True,True,False
24,11,安徽,True,False,13,8.55232968888231e-08,HJB_CONVERGED,True,True,True
24,12,福建,True,False,16,1.3239876306414544e-08,HJB_CONVERGED,True,True,False
24,13,江西,True,False,14,4.733102798581967e-10,HJB_CONVERGED,True,True,True
24,14,山东,True,False,26,3.0585485255585354e-09,HJB_CONVERGED,True,True,True
24,15,河南,True,False,25,7.641024257765139e-09,HJB_CONVERGED,True,True,True
24,16,湖北,True,False,13,3.395528747063281e-09,HJB_CONVERGED,True,True,True
24,17,湖南,True,False,13,3.3208360061820485e-08,HJB_CONVERGED,True,True,True
24,18,广东,True,False,13,9.449983018328112e-09,HJB_CONVERGED,True,True,True
24,19,广西,True,False,25,2.0671197642485595e-08,HJB_CONVERGED,True,True,True
24,20,海南,True,False,25,2.830002854281588e-08,HJB_CONVERGED,True,True,False
24,21,重庆,True,False,13,8.161213038704318e-09,HJB_CONVERGED,True,True,True
24,22,四川,True,False,14,1.580536590495285e-09,HJB_CONVERGED,True,True,True
24,23,贵州,True,False,14,2.2761335038978814e-09,HJB_CONVERGED,True,True,True
24,24,云南,True,False,24,1.3630337747372323e-08,HJB_CONVERGED,True,True,False
24,25,西藏,True,False,12,5.504614097873173e-09,HJB_CONVERGED,True,True,False
24,26,陕西,True,False,28,1.0413980788825938e-10,HJB_CONVERGED,True,True,True
24,27,甘肃,True,False,37,6.79447165197189e-10,HJB_CONVERGED,True,True,True
24,28,青海,True,False,12,3.319961772163538e-08,HJB_CONVERGED,True,True,False
24,29,宁夏,True,False,12,3.547625215816197e-08,HJB_CONVERGED,True,True,True
24,30,新疆,True,False,12,7.776610022602881e-09,HJB_CONVERGED,True,True,True
25,0,北京,True,False,25,9.686385027407596e-11,HJB_CONVERGED,True,True,True
25,1,天津,True,False,12,1.116361714181835e-08,HJB_CONVERGED,True,True,False
25,2,河北,True,False,27,1.274745198287519e-09,HJB_CONVERGED,True,True,True
25,3,山西,True,False,23,4.2883030459961446e-10,HJB_CONVERGED,True,True,True
25,4,内蒙古,True,False,12,3.795198244560538e-08,HJB_CONVERGED,True,True,False
25,5,辽宁,True,False,18,2.0976096415381562e-09,HJB_CONVERGED,True,True,True
25,6,吉林,True,False,12,1.9047281085704526e-08,HJB_CONVERGED,True,True,False
25,7,黑龙江,True,False,12,6.896697435365695e-08,HJB_CONVERGED,True,True,True
25,8,上海,True,False,25,1.2353140732557222e-10,HJB_CONVERGED,True,True,False
25,9,江苏,True,False,15,1.1383223252892094e-09,HJB_CONVERGED,True,True,False
25,10,浙江,True,False,16,1.912424529848522e-08,HJB_CONVERGED,True,True,False
25,11,安徽,True,False,13,8.559750863668114e-08,HJB_CONVERGED,True,True,True
25,12,福建,True,False,16,1.3132637644019951e-08,HJB_CONVERGED,True,True,False
25,13,江西,True,False,14,4.718927471003553e-10,HJB_CONVERGED,True,True,True
25,14,山东,True,False,23,1.211234668119232e-09,HJB_CONVERGED,True,True,True
25,15,河南,True,False,21,6.825745657579319e-08,HJB_CONVERGED,True,True,True
25,16,湖北,True,False,13,3.365268508304098e-09,HJB_CONVERGED,True,True,True
25,17,湖南,True,False,13,3.326622355359632e-08,HJB_CONVERGED,True,True,True
25,18,广东,True,False,13,9.472209239191898e-09,HJB_CONVERGED,True,True,True
25,19,广西,True,False,20,5.166351702001748e-08,HJB_CONVERGED,True,True,True
25,20,海南,True,False,25,8.312404098376192e-09,HJB_CONVERGED,True,True,False
25,21,重庆,True,False,13,8.167501341915795e-09,HJB_CONVERGED,True,True,True
25,22,四川,True,False,14,1.5809615838691116e-09,HJB_CONVERGED,True,True,True
25,23,贵州,True,False,14,2.27181295997525e-09,HJB_CONVERGED,True,True,True
25,24,云南,True,False,23,8.572806420303891e-08,HJB_CONVERGED,True,True,False
25,25,西藏,True,False,12,5.5543498689303306e-09,HJB_CONVERGED,True,True,False
25,26,陕西,True,False,23,8.268548423728816e-08,HJB_CONVERGED,True,True,True
25,27,甘肃,True,False,27,1.0027045860283579e-10,HJB_CONVERGED,True,True,True
25,28,青海,True,False,12,3.4407106497269524e-08,HJB_CONVERGED,True,True,False
25,29,宁夏,True,False,12,3.436754258956398e-08,HJB_CONVERGED,True,True,True
25,30,新疆,True,False,12,7.170389615396289e-09,HJB_CONVERGED,True,True,True
