turn,province_index,province,converged,ceiling_hit,iterations,initial_statistic,final_statistic,final_to_initial_ratio,last20_final_to_initial_ratio,last20_decrease_fraction,last20_range,last20_coefficient_of_variation,last20_two_step_to_one_step_median,last20_policy_switch_median,last20_two_step_reversion_median,first_policy_switch_iteration,first_two_step_reversion_iteration,first_value_nondec_iteration,first_derivative_floor_hit_iteration,first_negative_offdiagonal_iteration,first_nonzero_row_sum_defect_iteration,derivative_floor_share_first,derivative_floor_share_final,minimum_offdiagonal_all_iterations,maximum_row_sum_defect_all_iterations,linear_solve_residual_first,linear_solve_residual_final,linear_solve_residual_max,raw_entering_r_a,consumed_r_a,return_guard_state,consumed_household_composite_wage,guarded_wjt,wage_guard_state,accepted_output_exact,final_operator_exact
1,0,北京,True,False,17,0.4234185987439627,8.547302199346518e-09,2.0186411803122026e-08,2.0186411803122026e-08,0.75,0.4234185901966605,1.7232164224472584,2.7728516601213453,26.5,1.0,2,3,3,6,3,1,0.0,0.0,-5.209018221293567,0.006613770033187583,6.127043317150083e-14,2.631228568361621e-14,1.1096997105941586e-10,0.07859282907432666,0.07859282907432666,NOT_APPLIED_BOOTSTRAP,18.319859030118984,1.3,UPPER,True,True
1,1,天津,True,False,27,0.4252974437314072,3.770028733640629e-11,8.864451901153577e-11,1.317861960104128e-09,0.7894736842105263,0.033074444141516945,1.0964555309118926,2.1701774403150917,42.5,1.5,2,3,3,6,3,1,0.0,0.0,-5.206132400868091,0.004510294134914827,4.394401509344448e-14,2.590982983718959e-14,7.247074468308412e-12,0.06490365475420734,0.06490365475420734,NOT_APPLIED_BOOTSTRAP,18.198003011640164,1.3,UPPER,True,True
1,2,河北,True,False,35,0.4282358889501432,2.8269918406209626e-08,6.601482765845651e-08,3.2108859203656943e-07,0.7894736842105263,0.11506554789623968,1.1510669109518168,2.339804922121533,15.0,1.5,2,3,3,5,3,1,0.0,0.0,-5.344136548422974,0.007993250211016156,5.2284565565940966e-14,2.0344836926255994e-14,0.00577483786636579,0.08640803056619092,0.08640803056619092,NOT_APPLIED_BOOTSTRAP,18.121763089356133,1.3,UPPER,True,True
1,3,山西,True,False,49,0.42643828556842145,2.10115258525434e-10,4.927213752521319e-10,1.1665081437203904e-08,0.6842105263157895,0.333076761176214,1.5073417989048088,2.33314376748157,12.0,0.0,2,3,3,5,3,1,0.0,0.0025,-5.379483289889735,0.007998810425323521,4.7357950894166834e-14,6.798667531726643e-13,3.167062376257905e-06,0.08643576394514026,0.08643576394514026,NOT_APPLIED_BOOTSTRAP,18.203099062044032,1.3,UPPER,True,True
1,4,内蒙古,True,False,26,0.43848747027101886,4.778821782736031e-11,1.089842266138723e-10,1.2183796291269875e-09,0.8421052631578947,0.040890131669995444,0.9011557615653353,2.0110493521366073,119.0,4.0,2,3,3,7,3,1,0.0,0.0,-5.493572914173157,0.00581430765948987,8.017891905964802e-14,4.443667656062189e-14,1.472144801895059e-11,0.07370607384987489,0.07370607384987489,NOT_APPLIED_BOOTSTRAP,17.638053822269907,1.3,UPPER,True,True
1,5,辽宁,True,False,15,0.4616012581935327,4.6158866284784494e-08,9.999727137968881e-08,9.999727137968881e-08,0.7857142857142857,0.4616012120346664,1.6262360323304368,3.431596300000453,42.0,2.0,2,3,3,6,3,1,0.0,0.0,-5.254985940750559,0.007288052811344203,6.212391712168142e-14,3.502753642692369e-14,9.89017461677788e-13,0.08254889155973023,0.08254889155973023,NOT_APPLIED_BOOTSTRAP,16.72579387534917,1.3,UPPER,True,True
1,6,吉林,True,False,15,0.4815578650672965,3.5706573253690976e-09,7.414804293291124e-09,7.414804293291124e-09,0.7142857142857143,0.48155786149663915,1.5942648454326453,4.15185991023122,183.5,11.0,2,3,3,7,3,1,0.0,0.0,-5.3475607000478735,0.006613162570131337,7.682743330406083e-14,2.2176704916887502e-14,7.300536043752803e-13,0.0786566974876448,0.0786566974876448,NOT_APPLIED_BOOTSTRAP,15.98491210464971,1.3,UPPER,True,True
1,7,黑龙江,True,False,13,0.5193070931279888,7.462075846120797e-09,1.4369293130917601e-08,1.4369293130917601e-08,0.8333333333333334,0.519307085665913,1.5123963115188694,5.243150781188298,102.5,12.0,2,3,3,,3,1,0.0,0.0,-5.421970408444044,0.007692634887121408,7.36286032143596e-14,2.167710455580618e-14,8.421041641781812e-14,0.08488059053640952,0.08488059053640952,NOT_APPLIED_BOOTSTRAP,14.782111996765861,1.3,UPPER,True,True
1,8,上海,True,False,18,0.42973903915308265,3.760773470418144e-09,8.75129585115136e-09,8.75129585115136e-09,0.7647058823529411,0.4297390353923092,1.833202421832341,2.807780822671703,10.0,2.0,2,3,3,6,3,1,0.0,0.0,-5.219288354846995,0.006620642103556451,8.414102747877905e-14,2.5979218776228663e-14,1.3567748313736416e-10,0.0786410648427616,0.0786410648427616,NOT_APPLIED_BOOTSTRAP,18.0332764190634,1.3,UPPER,True,True
1,9,江苏,True,False,17,0.42423948471954587,4.77480961436072e-08,1.1254986361105043e-07,1.1254986361105043e-07,0.75,0.4242394369714497,1.8259555669999084,3.1280154437149026,21.5,0.0,2,3,3,7,3,1,0.0,0.0,-5.489630878385668,0.0069262419694105515,4.734407310635902e-14,2.967071033310731e-14,1.088118310732522e-12,0.08042908909180554,0.08042908909180554,NOT_APPLIED_BOOTSTRAP,18.287049574345293,1.3,UPPER,True,True
1,10,浙江,True,False,15,0.43066137221682155,8.606957369039492e-10,1.9985440822647585e-09,1.9985440822647585e-09,0.8571428571428571,0.4306613713561258,1.707595012633314,4.281895433252992,35.0,2.0,2,3,3,,3,1,0.0,0.0,-5.4466964041470485,0.007437536168229564,7.089467901622015e-14,2.2176704916887502e-14,1.7708057242771247e-13,0.08335304818599189,0.08335304818599189,NOT_APPLIED_BOOTSTRAP,18.00489758044457,1.3,UPPER,True,True
1,11,安徽,False,True,100,0.4245142635260484,0.18862667495966345,0.4443353054686918,0.01146458267570936,0.7368421052631579,16.39054160213706,1.5713115353480738,1.9105957287878925,78.0,9.0,2,3,3,5,3,1,0.0,0.785,-5.473124619812027,0.008472844496627274,5.49074674616179e-14,5.855406931291537e-07,1.7117048669511217e-05,0.08895777765800762,0.08895777765800762,NOT_APPLIED_BOOTSTRAP,18.29792118969518,1.3,UPPER,True,True
1,12,福建,True,False,14,0.43938308808914783,8.923409566818918e-09,2.0308950910300896e-08,2.0308950910300896e-08,0.8461538461538461,0.43938307916573827,1.6241517085136987,4.034299584976639,40.0,3.0,2,3,3,,3,1,0.0,0.0,-5.456586792724818,0.007244269142177628,5.551115123125783e-14,4.0994985184283905e-14,8.748557434046234e-14,0.08227353131506258,0.08227353131506258,NOT_APPLIED_BOOTSTRAP,17.622512150269692,1.3,UPPER,True,True
1,13,江西,False,True,100,0.4296397907346705,0.05869183330034722,0.13660707077430148,2.498366167321971,0.5263157894736842,0.08045424250115962,0.6292587790970868,1.594519471741769,19.5,4.0,2,3,3,5,3,1,0.0,0.0225,-5.474501189828428,0.00850239663619562,7.17065296029773e-14,9.712794110661171e-11,4.442429880780613e-07,0.08911960456738838,0.08911960456738838,NOT_APPLIED_BOOTSTRAP,18.066338850784597,1.3,UPPER,True,True
1,14,山东,True,False,15,0.423616080194853,7.239737698228055e-10,1.70903278621953e-09,1.70903278621953e-09,0.8571428571428571,0.4236160794708792,1.7164099768596472,4.166224272053471,37.0,2.0,2,3,3,,3,1,0.0,0.0,-5.472275286760488,0.007313983625770459,6.369904603786836e-14,2.7283730830163222e-14,8.826273045769994e-14,0.08264908560515918,0.08264908560515918,NOT_APPLIED_BOOTSTRAP,18.321743106447045,1.3,UPPER,True,True
1,15,河南,False,True,100,0.4202709660891064,0.3587512505611632,0.8536189256649727,3.828881238896728,0.47368421052631576,112.17638770391886,2.451934613403883,1.27727847938842,178.0,34.0,2,3,3,5,3,1,0.0,0.1125,-187790.1750084296,0.4788246154785156,5.14518982974721e-14,4.1643399466620434e-08,15.420403170647878,0.08521809867670735,0.08521809867670735,NOT_APPLIED_BOOTSTRAP,18.484175006636022,1.3,UPPER,True,True
1,16,湖北,False,True,100,0.4195084789458976,0.007907594369422455,0.018849665182672667,0.2478399803629726,0.631578947368421,0.21681267397316173,1.2055943659451134,1.5303196068143041,42.5,5.5,2,3,3,5,3,1,0.0,0.265,-31512.31220767918,0.007759133731198797,7.596701045997634e-14,2.7605868285762725e-10,0.006243622646024716,0.0851220223749261,0.0851220223749261,NOT_APPLIED_BOOTSTRAP,18.519697907284154,1.3,UPPER,True,True
1,17,湖南,False,True,100,0.42756758313848975,0.2058091017317485,0.4813487033348986,0.08447617175726742,0.5789473684210527,2.251392875475848,0.9000613293587011,1.132704147456716,153.0,34.5,2,3,3,5,3,1,0.0,0.055,-56372.245436322155,0.6560943992638688,9.251627242079508e-14,9.955681287785595e-08,2.166786392187226,0.0872058027276669,0.0872058027276669,NOT_APPLIED_BOOTSTRAP,18.15409814981755,1.3,UPPER,True,True
1,18,广东,False,True,100,0.4476956053717478,0.04680647315474018,0.1045497713024769,4.204575263620226,0.47368421052631576,0.07029096327328044,0.5506676527538096,1.4103773059526787,70.0,9.5,2,3,3,5,3,1,0.0,0.02,-5.427891236620263,0.00796639526309001,5.4414805994440485e-14,4.831340257574132e-07,4.61041398174683e-06,0.086287673370157,0.086287673370157,NOT_APPLIED_BOOTSTRAP,17.286415001574493,1.3,UPPER,True,True
1,19,广西,False,True,100,0.45944925861762265,0.09121637957767925,0.19853417513857438,0.2060928819721861,0.5263157894736842,0.7159120444505007,1.4936804378398434,1.0008139229738804,58.5,5.0,2,3,3,5,3,1,0.0,0.535,-1249.897227118161,0.008201215438822185,6.405292962696763e-14,3.965523916182878e-11,2.1371030700483018e-05,0.08756544677060778,0.08756544677060778,NOT_APPLIED_BOOTSTRAP,16.822125649139746,1.3,UPPER,True,True
1,20,海南,True,False,14,0.47483542929589806,2.552571487512978e-10,5.375697199549782e-10,5.375697199549782e-10,0.8461538461538461,0.4748354290406409,1.5929048707663367,4.537549046358135,40.0,1.5,2,3,3,,3,1,0.0,0.0,-5.364468259207826,0.008028645928999656,6.360884041711756e-14,2.0788926136106056e-14,6.360884041711756e-14,0.08665876897535335,0.08665876897535335,NOT_APPLIED_BOOTSTRAP,16.244721014420247,1.3,UPPER,True,True
1,21,重庆,False,True,100,0.4293476630870625,0.003659066625460339,0.00852238626187272,0.0012292539649736078,0.7894736842105263,7.0368032839447965,1.3162002535286585,1.5412650111703432,68.0,3.0,2,3,3,5,3,1,0.0,0.2925,-19249.200847794218,0.007904587428387344,5.0286164121615684e-14,2.345772916190203e-10,0.012608062542409345,0.08592885327235546,0.08592885327235546,NOT_APPLIED_BOOTSTRAP,18.070548844406634,1.3,UPPER,True,True
1,22,四川,False,True,100,0.43760023829100403,0.048200291036978093,0.110146857381108,0.1660194985415012,0.47368421052631576,1.4510464108264483,1.284976244580512,1.1650704737451258,40.5,10.0,2,3,3,5,3,1,0.0,0.015,-4928.9230241713985,0.008489447897233882,6.651623696285469e-14,1.6287964900441043e-12,0.00298120282835296,0.08906225625677495,0.08906225625677495,NOT_APPLIED_BOOTSTRAP,17.717335154425694,1.3,UPPER,True,True
1,23,贵州,False,True,100,0.4434468761046175,0.3037203268799673,0.684908031257196,0.007703763128683899,0.5789473684210527,39.24166440711215,2.2142186642098056,1.3542924158106024,298.5,67.0,2,3,3,5,3,1,0.0,0.1675,-5006.211247880649,0.008627287650781412,4.851674617611934e-14,3.30530446142948e-06,0.007010700916127893,0.08979022758512188,0.08979022758512188,NOT_APPLIED_BOOTSTRAP,17.471672154406804,1.3,UPPER,True,True
1,24,云南,True,False,60,0.462832277473765,1.4832668426834061e-10,3.2047610222419784e-10,2.0112525128609524e-11,0.8947368421052632,7.374841464056977,3.4960067765465577,2.581289791326591,10.0,1.0,2,3,3,5,3,1,0.0,0.0,-5.392501971209853,0.008075963776108419,8.126138650865755e-14,2.2065682614424986e-14,0.00013133201138406346,0.08689848117056337,0.08689848117056337,NOT_APPLIED_BOOTSTRAP,16.690391966376946,1.3,UPPER,True,True
1,25,西藏,True,False,13,0.5162979652397781,7.219969511140789e-09,1.398411382037445e-08,1.398411382037445e-08,0.8333333333333334,0.5162979580198086,1.514377316590231,5.200090619028927,105.0,12.0,2,3,3,,3,1,0.0,0.0,-5.425960670238168,0.00765534525073136,5.748179709996748e-14,2.0816681711721685e-14,7.921441280700492e-14,0.08467093143392833,0.08467093143392833,NOT_APPLIED_BOOTSTRAP,14.871770683578495,1.3,UPPER,True,True
1,26,陕西,True,False,77,0.4213400790280648,7.931090162394128e-08,1.8823488571724148e-07,3.63490013198526e-06,0.631578947368421,1.62981371165606,1.4385854738837993,1.754163064211694,13.5,0.5,2,3,3,5,3,1,0.0,0.0,-5.19963837287997,0.007562546359309585,6.123573870198129e-14,4.465872116554692e-14,3.0916519989148284e-05,0.08403899067870337,0.08403899067870337,NOT_APPLIED_BOOTSTRAP,18.430975272573402,1.3,UPPER,True,True
1,27,甘肃,False,True,100,0.442799423688355,0.03481466673150879,0.07862401093821561,0.06519173348377207,0.5263157894736842,0.5134190100380474,1.2768538193227854,1.331383273224512,60.0,7.5,2,3,3,5,3,1,0.0,0.2825,-18860.045530608506,0.008667808532417609,5.652422974122828e-14,3.293488745614859e-11,0.003540543524726731,0.09,0.09,NOT_APPLIED_BOOTSTRAP,17.49933815729084,1.3,UPPER,True,True
1,28,青海,True,False,24,0.4713331287503073,2.1059358923380955e-08,4.468041314901361e-08,1.1967836104771372e-07,0.8421052631578947,0.17596628345065146,1.1240973252530087,2.096695528285875,129.5,4.0,2,3,3,7,3,1,0.0,0.0,-5.495505190748284,0.006001322922102592,5.121597590473925e-14,2.223221606811876e-14,3.341000046064302e-11,0.07491839929988998,0.07491839929988998,NOT_APPLIED_BOOTSTRAP,16.341381100330132,1.3,UPPER,True,True
1,29,宁夏,True,False,17,0.433344392705854,4.1642446380052434e-08,9.609550067102989e-08,9.609550067102989e-08,0.75,0.43334435106340763,1.7696952100967238,2.7514800569970226,24.5,2.0,2,3,3,6,3,1,0.0,0.0,-5.23790936073118,0.006673273710355032,4.925226892993351e-14,2.3342439092743916e-14,2.944824800676926e-10,0.07895728546418417,0.07895728546418417,NOT_APPLIED_BOOTSTRAP,17.874582154052934,1.3,UPPER,True,True
1,30,新疆,True,False,15,0.5531010804830236,6.1155787101085934e-09,1.1056891635011549e-08,1.1056891635011549e-08,0.7857142857142857,0.5531010743674449,1.6038620478066894,3.2739319983461566,199.5,7.0,2,3,3,6,3,1,0.0,0.0,-5.005480882607952,0.007442982386707153,5.022371407648052e-14,2.348121697082206e-14,5.617728504603292e-14,0.08353213126422437,0.08353213126422437,NOT_APPLIED_BOOTSTRAP,13.837477514705718,1.3,UPPER,True,True
2,0,北京,False,True,100,0.5012209552471418,1.1975377207601963,2.3892411285352484,2.5550700900702177,0.5789473684210527,90.89922505098777,2.7257347267727883,1.2351727668350634,176.5,40.0,2,3,3,3,2,1,0.0,0.1525,-5956.767255795711,0.7093102307531916,5.98965321785272e-14,2.6803722448561634e-06,0.7479738166324389,0.8201047990241246,0.35,UPPER,17.299970660971283,1.3,UPPER,True,True
2,1,天津,False,True,100,0.48620815889577784,0.059337943944469784,0.12204226288434064,0.04029484185448642,0.5789473684210527,4.806896958822176,1.3746427456514194,1.2695448046199986,66.0,17.0,2,3,3,5,2,1,0.0,0.0025,-3348.8456573592857,0.11633345859183447,6.251249518030022e-14,6.29704621779581e-13,0.0001299777343180819,0.3301168592285279,0.3301168592285279,UNSATURATED,17.195008630055963,1.3,UPPER,True,True
2,2,河北,False,True,100,0.4717370926537612,1.1685567694320753,2.4771356495592682,3.2853846328340524,0.631578947368421,16.83005246324096,1.5362022730821092,1.2507404948503766,255.0,50.0,2,3,3,4,2,1,0.0,0.3475,-4185.813941762108,0.07324063495309702,7.423228698399953e-14,2.53462993943937e-08,0.1085190352556981,0.2618268115116993,0.2618268115116993,UNSATURATED,17.109022000888128,1.3,UPPER,True,True
2,3,山西,False,True,100,0.4948547757553916,0.004123059127876694,0.008331856798962643,2.790992382609645,0.3684210526315789,0.0029114261328553326,0.4321477534831992,1.073704823887384,1.0,0.0,2,3,2,3,2,1,0.0,1.3625,-964.1990847462898,0.13383303728599188,6.6044392177389e-14,1.5654090003425214e-11,0.0017985063126772123,0.3541478483179543,0.35,UPPER,17.144883996985083,1.3,UPPER,True,True
2,4,内蒙古,False,True,100,0.48560096696355926,0.05109719857355116,0.10522466397268444,0.3872511543666119,0.631578947368421,0.1017087991543894,0.325512110234316,1.5675197381539616,27.5,1.0,2,3,3,4,2,1,0.0,0.83,-18365.53469518983,0.07185146002558979,5.934142066621462e-14,4.091508382098041e-12,0.00014522982086028098,0.25938351792132075,0.25938351792132075,UNSATURATED,16.59286864974986,1.3,UPPER,True,True
2,5,辽宁,False,True,100,0.513716604928184,0.002090778540951521,0.004069906483252192,0.10132658529473243,0.5789473684210527,0.2638177187489159,1.8456211206648407,1.786287512943122,3.0,0.5,2,4,3,4,2,1,0.0,0.8075,-34496.899748553726,0.0853809849033706,5.113964807179627e-14,1.3879947538542048e-12,7.646514221867169e-06,0.28288915914936935,0.28288915914936935,UNSATURATED,15.834995829751918,1.3,UPPER,True,True
2,6,吉林,False,True,100,0.5217844853241451,0.01103831436228675,0.021154930191972808,0.748143050602134,0.5263157894736842,0.017163653542007107,0.2816256087296011,1.4168829629734792,11.0,1.0,2,3,3,4,2,1,0.0,0.7925,-17611.560045757513,0.04602411128977152,6.061123825062964e-14,3.3182074709453557e-12,3.171360666886537e-05,0.20767394001491743,0.20767394001491743,UNSATURATED,15.134974362204954,1.1893962923482995,UNSATURATED,True,True
2,7,黑龙江,False,True,100,0.5698502904853577,0.6547233891935016,1.1489392918197077,0.5089559567444095,0.5789473684210527,4.177331455078654,0.8394934185658223,1.2136061093002284,198.5,30.5,2,3,4,4,2,1,0.0,0.145,-27888.421412735137,0.061776402563270494,4.8953896492065496e-14,2.6796318516510848e-06,0.006038949031651156,0.24079289752609306,0.24079289752609306,UNSATURATED,13.997338503949052,1.2775992877170088,UNSATURATED,True,True
2,8,上海,False,True,100,0.5042227288149519,0.39256307777803257,0.7785509366082185,0.7554922984546324,0.5263157894736842,0.8197815345182788,0.6391530652507023,1.6720162051442329,58.5,4.0,2,3,2,3,2,1,0.0,0.425,-3880.8134308891667,0.6239910088601188,5.633687960582279e-14,2.301441443669505e-09,0.029127836803174684,0.7686338107969248,0.35,UPPER,17.087607156872718,1.3,UPPER,True,True
2,9,江苏,False,True,100,0.4903928913666511,5.307823215191222,10.823613695539343,2.5478825016235027,0.631578947368421,131.52532227456015,2.219269655654513,1.375666102569928,233.0,38.5,2,4,2,3,2,1,0.0,0.855,-136360.2839742173,289.43282254536945,6.545458619555689e-14,4.6403329024245765e-07,1689.752996926202,0.4559391086970459,0.35,UPPER,17.316265334824283,1.3,UPPER,True,True
2,10,浙江,False,True,100,0.49857916817768766,6.7458188865614215,13.530085725838614,5.582952972005436,0.3684210526315789,218.09644232632917,1.6484744834349467,1.1343811621398685,286.5,57.0,2,3,2,3,2,1,0.0,0.53,-2353.4643435420303,0.27711889579739907,5.370009992233804e-14,0.011759238490754336,0.18962461765288105,0.5103872209647321,0.35,UPPER,17.051197623233485,1.3,UPPER,True,True
2,11,安徽,False,True,100,0.49158690090954726,0.0008401221113487622,0.0017090001987326061,0.1669304605898915,0.3684210526315789,0.007658299866740492,0.7081540996176962,0.8304052647599329,2.0,1.0,2,3,2,3,2,1,0.0,0.745,-28877.77247723026,0.3203258933542403,5.98063265577764e-14,7.947703259403305e-11,0.004433581615690907,0.5489080240565922,0.35,UPPER,17.30532606542527,1.3,UPPER,True,True
2,12,福建,False,True,100,0.5107357322141954,13.913839660989568,27.24273784539966,0.38956498001516326,0.5789473684210527,35.21024118797206,1.6227660635873917,1.438036774615151,188.5,40.5,2,3,2,3,2,1,0.0,0.0825,-46263.3143756526,0.30690976676231546,6.949302244763089e-14,0.00012065353200928913,1.3929835192077578,0.5374007585319589,0.35,UPPER,16.66198966859062,1.3,UPPER,True,True
2,13,江西,False,True,100,0.49838838735793667,1.892730308895823,3.7977014651757655,5.532731348276427,0.3684210526315789,38.71214716135212,2.0481345012131835,1.178791882145772,190.5,35.5,2,3,2,3,2,1,0.0,0.32,-129551.00655739359,0.3115236679313617,6.952771691715043e-14,8.750283300240982e-08,0.043244254509539615,0.5413318073667525,0.35,UPPER,17.069422740212204,1.3,UPPER,True,True
2,14,山东,False,True,100,0.4694133631925377,50.93586949139517,108.50962815582004,16.08821190254019,0.5789473684210527,50.681681299464735,2.831332595851111,1.1381187003931115,231.0,50.5,2,4,3,4,2,1,0.0,0.2825,-7491.676191310771,0.08277058365678885,6.607214775300463e-14,5.615235394032872e-06,0.1253545787250593,0.2783443332018329,0.2783443332018329,UNSATURATED,17.316742296355574,1.3,UPPER,True,True
2,15,河南,False,True,100,0.4616502882467741,0.6239367899469316,1.3515355797057524,0.007612763366832875,0.5263157894736842,81.49306322741083,2.660549041089413,1.280985279821885,269.5,50.0,2,3,3,4,2,1,0.0,0.125,-9278.760888010996,0.068434709255416,5.2138848793958914e-14,8.779125973109106e-08,0.00023997099806572983,0.25304592118083025,0.25304592118083025,UNSATURATED,17.433368343285245,1.3,UPPER,True,True
2,16,湖北,False,True,100,0.485686139706595,0.19716495406406254,0.4059513705356523,0.15261968084588914,0.631578947368421,30.569692798178565,1.6600181325027241,1.021513296551209,35.0,6.0,2,4,2,3,2,1,0.0,0.0275,-2467.0659459703393,0.4916682839393616,7.39130978644198e-14,0.12796933359610635,2.273416578711193,0.45052857784049805,0.35,UPPER,17.480975827270356,1.3,UPPER,True,True
2,17,湖南,False,True,100,0.49585880507538516,1.1733612154404869,2.3663212257814026,10.87485805071457,0.6842105263157895,46.745206219009425,1.8358756610052447,1.3028210767282116,171.5,41.5,2,3,2,3,2,1,0.0,0.1225,-8132.399416927207,0.1727827844617295,5.818262538426211e-14,1.005508785562395e-06,0.00027200807515715374,0.40256238500533503,0.35,UPPER,17.11706890530236,1.3,UPPER,True,True
2,18,广东,False,True,100,0.5223379756962925,0.7699379692611381,1.4740225774983855,0.028387046542737864,0.5263157894736842,40.702573023223366,1.436430156095326,1.2712858222236787,182.0,37.0,2,3,2,3,2,1,0.0,0.55,-10419.696818867591,0.24505809510995452,5.2111093218343285e-14,2.1326365921645746e-06,0.05423984555945009,0.4799881090546145,0.35,UPPER,16.278919285062173,1.3,UPPER,True,True
2,19,广西,False,True,100,0.5215637751920856,1.6940600278575726,3.2480400450235845,2.786494305545886,0.631578947368421,49.5080032218713,1.7437995256876326,1.1176630477252893,174.0,31.5,2,3,3,4,2,1,0.0,0.5525,-1576.9746707624595,0.34646765391031903,6.513539707597715e-14,1.5960219538601467e-06,0.8134096961326226,0.3059096356629964,0.3059096356629964,UNSATURATED,15.788196281266416,1.3,UPPER,True,True
2,20,海南,False,True,100,0.5606962234401651,0.9121880299917826,1.6268845621877583,0.09354618716218903,0.5789473684210527,48.04136556474353,2.1627681035272164,1.4063104126314026,241.5,35.5,2,3,2,3,2,1,0.0,0.4625,-5517.908671174804,0.3793180546714789,6.122186091417348e-14,9.258666462718182e-08,0.00036885609923362206,0.5984489815056437,0.35,UPPER,15.242549102184526,0.8,LOWER,True,True
2,21,重庆,True,False,77,0.5023610307397846,2.24222418410136e-09,4.463372050971841e-09,2.307332168090749e-06,0.42105263157894735,0.007773937853993829,0.9703819786349182,1.6262644837142728,0.0,0.0,2,3,2,3,2,1,0.0,0.5775,-40672.098559255224,0.33745103027189366,6.152023335204149e-14,9.117209071041188e-11,9.55688229637092e-05,0.5635985431144864,0.35,UPPER,16.946641872381356,1.3,UPPER,True,True
2,22,四川,False,True,100,0.5126266386494822,0.33653671046667416,0.6564947763020705,0.7938199550283672,0.631578947368421,0.7548931034159043,0.9512280232265483,1.833457241331459,52.0,13.5,2,3,2,3,2,1,0.0,0.405,-8138.643765678389,0.2205564282693639,7.493311526829416e-14,3.784058136280244e-12,0.0007705276095656931,0.4551703013356036,0.35,UPPER,16.575227365792482,1.3,UPPER,True,True
2,23,贵州,True,False,82,0.5186881720851582,1.3264433995630043e-10,2.557304120181921e-10,6.260715559144627e-11,0.7368421052631579,5.077745282547281,1.1856258386802194,2.396867528468529,57.0,4.5,2,3,2,3,2,1,0.0,0.0,-71223.66642685016,0.24718095176598837,7.279593594589073e-14,1.0824674490095276e-14,0.8094793026750666,0.4820443031272923,0.35,UPPER,16.391932533389387,1.3,UPPER,True,True
2,24,云南,False,True,100,0.535448046267609,1.5981457050536987,2.9846886475610916,1.8467241148020095,0.5789473684210527,52.791596111642335,2.2770954432205714,1.200269259235151,190.5,32.0,2,3,2,5,2,1,0.0,0.22,-8041.327471639659,0.11522844673011029,7.770173393595314e-14,1.7107875808358708e-07,0.00038646879258173554,0.32878188271884484,0.32878188271884484,UNSATURATED,15.607515551136087,1.3,UPPER,True,True
2,25,西藏,False,True,100,0.6227299574606424,1.193549341742584,1.9166403148639566,2.20753173314196,0.631578947368421,86.72146856115857,2.075193717928015,1.0986378566104649,228.5,40.0,2,3,2,3,2,1,0.0,0.865,-12876.46473500129,0.3222315309544815,5.4012350148013866e-14,1.3263211182468551e-06,0.00286509649150974,0.5518193076948069,0.35,UPPER,13.752064164778764,0.8,LOWER,True,True
2,26,陕西,False,True,100,0.49026660909626774,0.3620616920178472,0.7384995945068605,1.2647976305981612,0.5789473684210527,7.566259978788664,2.049644341928301,1.4082489172817432,128.5,19.5,2,3,2,3,2,1,0.0,0.0325,-38215.474798094,0.15363778344703388,5.0154325137441447e-14,1.0386050908195443e-09,0.00020022490283874705,0.37949824623988127,0.35,UPPER,17.30671281356891,1.3,UPPER,True,True
2,27,甘肃,False,True,100,0.5202571315807196,0.0014593469681336568,0.002805049425655464,0.4946104748905332,0.5263157894736842,0.0018913898044536914,0.33797918638974145,1.1368560368618161,2.0,1.0,2,3,2,3,2,1,0.0,0.915,-1776.8706946589161,0.1994479420166389,6.014633235906786e-14,4.157951869095122e-12,0.09573703684944507,0.4327975242704717,0.35,UPPER,16.33123150442902,0.8537294612571722,UNSATURATED,True,True
2,28,青海,False,True,100,0.539375880881769,0.4909604154435421,0.9102379858753091,0.4544018710997056,0.5789473684210527,1.3648189173987837,0.3722010865331998,1.400437331785533,253.5,52.0,2,4,3,4,2,1,0.0,0.29,-57380.824932450414,0.09245206971542314,7.110978472724128e-14,5.796525796072233e-08,0.004520232401607446,0.29449073815753724,0.29449073815753724,UNSATURATED,15.168154516263451,0.8,LOWER,True,True
2,29,宁夏,False,True,100,0.5029215196369474,1.3227599788891193,2.630151877064244,0.10529906534967447,0.42105263157894735,1237.850358876271,2.6884107307192626,1.2797905454094853,179.0,40.0,2,3,2,5,2,1,0.0,0.3025,-3817.3945870860643,0.12192255350957759,7.022160630754115e-14,1.0497824752151927e-07,0.016069780465873304,0.3380434765646002,0.3380434765646002,UNSATURATED,16.71843441063156,0.8,LOWER,True,True
2,30,新疆,False,True,100,0.6519913687702763,1.4534925678337691,2.2293125913234215,1.0949712406530985,0.631578947368421,90.78147570442832,1.5244635876334591,1.2131380970760584,267.5,49.5,2,3,2,5,2,1,0.0,0.22,-146484.90565645436,0.7228986620903015,6.790401574363614e-14,1.4877686062286788e-08,25.589019802264335,0.32597778713285963,0.32597778713285963,UNSATURATED,12.842642802904619,1.3,UPPER,True,True
